totalDuration,overall,date,stress,restlessness,deepPercentage,awakeCount,remPercentage,lightPercentage
"{'qualifierKey': 'EXCELLENT', 'optimalStart': 28200.0, 'optimalEnd': 28200.0}","{'value': 91, 'qualifierKey': 'EXCELLENT'}",2026-02-13,"{'qualifierKey': 'EXCELLENT', 'optimalStart': 0.0, 'optimalEnd': 15.0}","{'qualifierKey': 'GOOD', 'optimalStart': 0.0, 'optimalEnd': 5.0}","{'value': 21, 'qualifierKey': 'EXCELLENT', 'optimalStart': 16.0, 'optimalEnd': 33.0, 'idealStartInSeconds': 4675.2, 'idealEndInSeconds': 9642.6}","{'qualifierKey': 'GOOD', 'optimalStart': 0.0, 'optimalEnd': 1.0}","{'value': 17, 'qualifierKey': 'FAIR', 'optimalStart': 21.0, 'optimalEnd': 31.0, 'idealStartInSeconds': 6136.2, 'idealEndInSeconds': 9058.2}","{'value': 62, 'qualifierKey': 'GOOD', 'optimalStart': 30.0, 'optimalEnd': 64.0, 'idealStartInSeconds': 8766.0, 'idealEndInSeconds': 18700.8}"
"{'qualifierKey': 'POOR', 'optimalStart': 28200.0, 'optimalEnd': 28200.0}","{'value': 67, 'qualifierKey': 'FAIR'}",2026-02-14,"{'qualifierKey': 'GOOD', 'optimalStart': 0.0, 'optimalEnd': 15.0}","{'qualifierKey': 'FAIR', 'optimalStart': 0.0, 'optimalEnd': 5.0}","{'value': 27, 'qualifierKey': 'EXCELLENT', 'optimalStart': 16.0, 'optimalEnd': 33.0, 'idealStartInSeconds': 2966.4, 'idealEndInSeconds': 6118.2}","{'qualifierKey': 'FAIR', 'optimalStart': 0.0, 'optimalEnd': 1.0}","{'value': 24, 'qualifierKey': 'EXCELLENT', 'optimalStart': 21.0, 'optimalEnd': 31.0, 'idealStartInSeconds': 3893.4, 'idealEndInSeconds': 5747.4}","{'value': 50, 'qualifierKey': 'EXCELLENT', 'optimalStart': 30.0, 'optimalEnd': 64.0, 'idealStartInSeconds': 5562.0, 'idealEndInSeconds': 11865.6}"
"{'qualifierKey': 'EXCELLENT', 'optimalStart': 28200.0, 'optimalEnd': 28200.0}","{'value': 92, 'qualifierKey': 'EXCELLENT'}",2026-02-15,"{'qualifierKey': 'GOOD', 'optimalStart': 0.0, 'optimalEnd': 15.0}","{'qualifierKey': 'EXCELLENT', 'optimalStart': 0.0, 'optimalEnd': 5.0}","{'value': 22, 'qualifierKey': 'EXCELLENT', 'optimalStart': 16.0, 'optimalEnd': 33.0, 'idealStartInSeconds': 4310.4, 'idealEndInSeconds': 8890.2}","{'qualifierKey': 'EXCELLENT', 'optimalStart': 0.0, 'optimalEnd': 1.0}","{'value': 24, 'qualifierKey': 'EXCELLENT', 'optimalStart': 21.0, 'optimalEnd': 31.0, 'idealStartInSeconds': 5657.4, 'idealEndInSeconds': 8351.4}","{'value': 54, 'qualifierKey': 'EXCELLENT', 'optimalStart': 30.0, 'optimalEnd': 64.0, 'idealStartInSeconds': 8082.0, 'idealEndInSeconds': 17241.6}"
"{'qualifierKey': 'POOR', 'optimalStart': 28200.0, 'optimalEnd': 28200.0}","{'value': 61, 'qualifierKey': 'FAIR'}",2026-02-16,"{'qualifierKey': 'GOOD', 'optimalStart': 0.0, 'optimalEnd': 15.0}","{'qualifierKey': 'GOOD', 'optimalStart': 0.0, 'optimalEnd': 5.0}","{'value': 21, 'qualifierKey': 'EXCELLENT', 'optimalStart': 16.0, 'optimalEnd': 33.0, 'idealStartInSeconds': 2611.2, 'idealEndInSeconds': 5385.6}","{'qualifierKey': 'EXCELLENT', 'optimalStart': 0.0, 'optimalEnd': 1.0}","{'value': 23, 'qualifierKey': 'EXCELLENT', 'optimalStart': 21.0, 'optimalEnd': 31.0, 'idealStartInSeconds': 3427.2, 'idealEndInSeconds': 5059.2}","{'value': 56, 'qualifierKey': 'EXCELLENT', 'optimalStart': 30.0, 'optimalEnd': 64.0, 'idealStartInSeconds': 4896.0, 'idealEndInSeconds': 10444.8}"
"{'qualifierKey': 'FAIR', 'optimalStart': 28200.0, 'optimalEnd': 28200.0}","{'value': 87, 'qualifierKey': 'GOOD'}",2026-02-17,"{'qualifierKey': 'EXCELLENT', 'optimalStart': 0.0, 'optimalEnd': 15.0}","{'qualifierKey': 'EXCELLENT', 'optimalStart': 0.0, 'optimalEnd': 5.0}","{'value': 21, 'qualifierKey': 'EXCELLENT', 'optimalStart': 16.0, 'optimalEnd': 33.0, 'idealStartInSeconds': 3705.6, 'idealEndInSeconds': 7642.8}","{'qualifierKey': 'EXCELLENT', 'optimalStart': 0.0, 'optimalEnd': 1.0}","{'value': 22, 'qualifierKey': 'GOOD', 'optimalStart': 21.0, 'optimalEnd': 31.0, 'idealStartInSeconds': 4863.6, 'idealEndInSeconds': 7179.6}","{'value': 57, 'qualifierKey': 'EXCELLENT', 'optimalStart': 30.0, 'optimalEnd': 64.0, 'idealStartInSeconds': 6948.0, 'idealEndInSeconds': 14822.4}"
"{'qualifierKey': 'FAIR', 'optimalStart': 28200.0, 'optimalEnd': 28200.0}","{'value': 58, 'qualifierKey': 'POOR'}",2026-02-18,"{'qualifierKey': 'EXCELLENT', 'optimalStart': 0.0, 'optimalEnd': 15.0}","{'qualifierKey': 'POOR', 'optimalStart': 0.0, 'optimalEnd': 5.0}","{'value': 16, 'qualifierKey': 'FAIR', 'optimalStart': 16.0, 'optimalEnd': 33.0, 'idealStartInSeconds': 3763.2, 'idealEndInSeconds': 7761.6}","{'qualifierKey': 'POOR', 'optimalStart': 0.0, 'optimalEnd': 1.0}","{'value': 12, 'qualifierKey': 'FAIR', 'optimalStart': 21.0, 'optimalEnd': 31.0, 'idealStartInSeconds': 4939.2, 'idealEndInSeconds': 7291.2}","{'value': 73, 'qualifierKey': 'FAIR', 'optimalStart': 30.0, 'optimalEnd': 64.0, 'idealStartInSeconds': 7056.0, 'idealEndInSeconds': 15052.8}"
"{'qualifierKey': 'FAIR', 'optimalStart': 28200.0, 'optimalEnd': 28200.0}","{'value': 78, 'qualifierKey': 'FAIR'}",2026-02-19,"{'qualifierKey': 'EXCELLENT', 'optimalStart': 0.0, 'optimalEnd': 15.0}","{'qualifierKey': 'EXCELLENT', 'optimalStart': 0.0, 'optimalEnd': 5.0}","{'value': 22, 'qualifierKey': 'EXCELLENT', 'optimalStart': 16.0, 'optimalEnd': 33.0, 'idealStartInSeconds': 3394.56, 'idealEndInSeconds': 7001.28}","{'qualifierKey': 'EXCELLENT', 'optimalStart': 0.0, 'optimalEnd': 1.0}","{'value': 25, 'qualifierKey': 'EXCELLENT', 'optimalStart': 21.0, 'optimalEnd': 31.0, 'idealStartInSeconds': 4455.36, 'idealEndInSeconds': 6576.96}","{'value': 53, 'qualifierKey': 'EXCELLENT', 'optimalStart': 30.0, 'optimalEnd': 64.0, 'idealStartInSeconds': 6364.8, 'idealEndInSeconds': 13578.24}"
"{'qualifierKey': 'POOR', 'optimalStart': 28200.0, 'optimalEnd': 28200.0}","{'value': 73, 'qualifierKey': 'FAIR'}",2026-02-20,"{'qualifierKey': 'EXCELLENT', 'optimalStart': 0.0, 'optimalEnd': 15.0}","{'qualifierKey': 'EXCELLENT', 'optimalStart': 0.0, 'optimalEnd': 5.0}","{'value': 22, 'qualifierKey': 'EXCELLENT', 'optimalStart': 16.0, 'optimalEnd': 33.0, 'idealStartInSeconds': 3139.2, 'idealEndInSeconds': 6474.6}","{'qualifierKey': 'EXCELLENT', 'optimalStart': 0.0, 'optimalEnd': 1.0}","{'value': 23, 'qualifierKey': 'EXCELLENT', 'optimalStart': 21.0, 'optimalEnd': 31.0, 'idealStartInSeconds': 4120.2, 'idealEndInSeconds': 6082.2}","{'value': 55, 'qualifierKey': 'EXCELLENT', 'optimalStart': 30.0, 'optimalEnd': 64.0, 'idealStartInSeconds': 5886.0, 'idealEndInSeconds': 12556.8}"
"{'qualifierKey': 'FAIR', 'optimalStart': 28200.0, 'optimalEnd': 28200.0}","{'value': 79, 'qualifierKey': 'FAIR'}",2026-02-21,"{'qualifierKey': 'EXCELLENT', 'optimalStart': 0.0, 'optimalEnd': 15.0}","{'qualifierKey': 'FAIR', 'optimalStart': 0.0, 'optimalEnd': 5.0}","{'value': 18, 'qualifierKey': 'EXCELLENT', 'optimalStart': 16.0, 'optimalEnd': 33.0, 'idealStartInSeconds': 3964.8, 'idealEndInSeconds': 8177.4}","{'qualifierKey': 'FAIR', 'optimalStart': 0.0, 'optimalEnd': 1.0}","{'value': 13, 'qualifierKey': 'FAIR', 'optimalStart': 21.0, 'optimalEnd': 31.0, 'idealStartInSeconds': 5203.8, 'idealEndInSeconds': 7681.8}","{'value': 69, 'qualifierKey': 'FAIR', 'optimalStart': 30.0, 'optimalEnd': 64.0, 'idealStartInSeconds': 7434.0, 'idealEndInSeconds': 15859.2}"
"{'qualifierKey': 'FAIR', 'optimalStart': 28200.0, 'optimalEnd': 28200.0}","{'value': 84, 'qualifierKey': 'GOOD'}",2026-02-22,"{'qualifierKey': 'EXCELLENT', 'optimalStart': 0.0, 'optimalEnd': 15.0}","{'qualifierKey': 'EXCELLENT', 'optimalStart': 0.0, 'optimalEnd': 5.0}","{'value': 27, 'qualifierKey': 'EXCELLENT', 'optimalStart': 16.0, 'optimalEnd': 33.0, 'idealStartInSeconds': 3744.0, 'idealEndInSeconds': 7722.0}","{'qualifierKey': 'EXCELLENT', 'optimalStart': 0.0, 'optimalEnd': 1.0}","{'value': 29, 'qualifierKey': 'EXCELLENT', 'optimalStart': 21.0, 'optimalEnd': 31.0, 'idealStartInSeconds': 4914.0, 'idealEndInSeconds': 7254.0}","{'value': 44, 'qualifierKey': 'EXCELLENT', 'optimalStart': 30.0, 'optimalEnd': 64.0, 'idealStartInSeconds': 7020.0, 'idealEndInSeconds': 14976.0}"
"{'qualifierKey': 'FAIR', 'optimalStart': 28200.0, 'optimalEnd': 28200.0}","{'value': 81, 'qualifierKey': 'GOOD'}",2026-02-23,"{'qualifierKey': 'EXCELLENT', 'optimalStart': 0.0, 'optimalEnd': 15.0}","{'qualifierKey': 'EXCELLENT', 'optimalStart': 0.0, 'optimalEnd': 5.0}","{'value': 27, 'qualifierKey': 'EXCELLENT', 'optimalStart': 16.0, 'optimalEnd': 33.0, 'idealStartInSeconds': 3331.2, 'idealEndInSeconds': 6870.6}","{'qualifierKey': 'EXCELLENT', 'optimalStart': 0.0, 'optimalEnd': 1.0}","{'value': 15, 'qualifierKey': 'FAIR', 'optimalStart': 21.0, 'optimalEnd': 31.0, 'idealStartInSeconds': 4372.2, 'idealEndInSeconds': 6454.2}","{'value': 59, 'qualifierKey': 'GOOD', 'optimalStart': 30.0, 'optimalEnd': 64.0, 'idealStartInSeconds': 6246.0, 'idealEndInSeconds': 13324.8}"
"{'qualifierKey': 'FAIR', 'optimalStart': 28200.0, 'optimalEnd': 28200.0}","{'value': 77, 'qualifierKey': 'FAIR'}",2026-02-24,"{'qualifierKey': 'EXCELLENT', 'optimalStart': 0.0, 'optimalEnd': 15.0}","{'qualifierKey': 'EXCELLENT', 'optimalStart': 0.0, 'optimalEnd': 5.0}","{'value': 17, 'qualifierKey': 'GOOD', 'optimalStart': 16.0, 'optimalEnd': 33.0, 'idealStartInSeconds': 3379.2, 'idealEndInSeconds': 6969.6}","{'qualifierKey': 'EXCELLENT', 'optimalStart': 0.0, 'optimalEnd': 1.0}","{'value': 22, 'qualifierKey': 'EXCELLENT', 'optimalStart': 21.0, 'optimalEnd': 31.0, 'idealStartInSeconds': 4435.2, 'idealEndInSeconds': 6547.2}","{'value': 60, 'qualifierKey': 'GOOD', 'optimalStart': 30.0, 'optimalEnd': 64.0, 'idealStartInSeconds': 6336.0, 'idealEndInSeconds': 13516.8}"
"{'qualifierKey': 'POOR', 'optimalStart': 28200.0, 'optimalEnd': 28200.0}","{'value': 65, 'qualifierKey': 'FAIR'}",2026-02-25,"{'qualifierKey': 'FAIR', 'optimalStart': 0.0, 'optimalEnd': 15.0}","{'qualifierKey': 'EXCELLENT', 'optimalStart': 0.0, 'optimalEnd': 5.0}","{'value': 24, 'qualifierKey': 'EXCELLENT', 'optimalStart': 16.0, 'optimalEnd': 33.0, 'idealStartInSeconds': 3043.2, 'idealEndInSeconds': 6276.6}","{'qualifierKey': 'EXCELLENT', 'optimalStart': 0.0, 'optimalEnd': 1.0}","{'value': 11, 'qualifierKey': 'POOR', 'optimalStart': 21.0, 'optimalEnd': 31.0, 'idealStartInSeconds': 3994.2, 'idealEndInSeconds': 5896.2}","{'value': 66, 'qualifierKey': 'FAIR', 'optimalStart': 30.0, 'optimalEnd': 64.0, 'idealStartInSeconds': 5706.0, 'idealEndInSeconds': 12172.8}"
"{'qualifierKey': 'EXCELLENT', 'optimalStart': 28200.0, 'optimalEnd': 28200.0}","{'value': 89, 'qualifierKey': 'GOOD'}",2026-02-26,"{'qualifierKey': 'GOOD', 'optimalStart': 0.0, 'optimalEnd': 15.0}","{'qualifierKey': 'EXCELLENT', 'optimalStart': 0.0, 'optimalEnd': 5.0}","{'value': 18, 'qualifierKey': 'GOOD', 'optimalStart': 16.0, 'optimalEnd': 33.0, 'idealStartInSeconds': 4992.0, 'idealEndInSeconds': 10296.0}","{'qualifierKey': 'EXCELLENT', 'optimalStart': 0.0, 'optimalEnd': 1.0}","{'value': 19, 'qualifierKey': 'FAIR', 'optimalStart': 21.0, 'optimalEnd': 31.0, 'idealStartInSeconds': 6552.0, 'idealEndInSeconds': 9672.0}","{'value': 64, 'qualifierKey': 'GOOD', 'optimalStart': 30.0, 'optimalEnd': 64.0, 'idealStartInSeconds': 9360.0, 'idealEndInSeconds': 19968.0}"
"{'qualifierKey': 'FAIR', 'optimalStart': 28200.0, 'optimalEnd': 28200.0}","{'value': 84, 'qualifierKey': 'GOOD'}",2026-02-27,"{'qualifierKey': 'EXCELLENT', 'optimalStart': 0.0, 'optimalEnd': 15.0}","{'qualifierKey': 'EXCELLENT', 'optimalStart': 0.0, 'optimalEnd': 5.0}","{'value': 16, 'qualifierKey': 'GOOD', 'optimalStart': 16.0, 'optimalEnd': 33.0, 'idealStartInSeconds': 3878.4, 'idealEndInSeconds': 7999.2}","{'qualifierKey': 'EXCELLENT', 'optimalStart': 0.0, 'optimalEnd': 1.0}","{'value': 26, 'qualifierKey': 'EXCELLENT', 'optimalStart': 21.0, 'optimalEnd': 31.0, 'idealStartInSeconds': 5090.4, 'idealEndInSeconds': 7514.4}","{'value': 58, 'qualifierKey': 'EXCELLENT', 'optimalStart': 30.0, 'optimalEnd': 64.0, 'idealStartInSeconds': 7272.0, 'idealEndInSeconds': 15513.6}"
"{'qualifierKey': 'POOR', 'optimalStart': 28200.0, 'optimalEnd': 28200.0}","{'value': 55, 'qualifierKey': 'POOR'}",2026-02-28,"{'qualifierKey': 'FAIR', 'optimalStart': 0.0, 'optimalEnd': 15.0}","{'qualifierKey': 'EXCELLENT', 'optimalStart': 0.0, 'optimalEnd': 5.0}","{'value': 26, 'qualifierKey': 'EXCELLENT', 'optimalStart': 16.0, 'optimalEnd': 33.0, 'idealStartInSeconds': 2419.2, 'idealEndInSeconds': 4989.6}","{'qualifierKey': 'EXCELLENT', 'optimalStart': 0.0, 'optimalEnd': 1.0}","{'value': 19, 'qualifierKey': 'FAIR', 'optimalStart': 21.0, 'optimalEnd': 31.0, 'idealStartInSeconds': 3175.2, 'idealEndInSeconds': 4687.2}","{'value': 55, 'qualifierKey': 'EXCELLENT', 'optimalStart': 30.0, 'optimalEnd': 64.0, 'idealStartInSeconds': 4536.0, 'idealEndInSeconds': 9676.8}"
"{'qualifierKey': 'POOR', 'optimalStart': 28200.0, 'optimalEnd': 28200.0}","{'value': 65, 'qualifierKey': 'FAIR'}",2026-03-01,"{'qualifierKey': 'EXCELLENT', 'optimalStart': 0.0, 'optimalEnd': 15.0}","{'qualifierKey': 'GOOD', 'optimalStart': 0.0, 'optimalEnd': 5.0}","{'value': 21, 'qualifierKey': 'EXCELLENT', 'optimalStart': 16.0, 'optimalEnd': 33.0, 'idealStartInSeconds': 2851.2, 'idealEndInSeconds': 5880.6}","{'qualifierKey': 'EXCELLENT', 'optimalStart': 0.0, 'optimalEnd': 1.0}","{'value': 16, 'qualifierKey': 'FAIR', 'optimalStart': 21.0, 'optimalEnd': 31.0, 'idealStartInSeconds': 3742.2, 'idealEndInSeconds': 5524.2}","{'value': 63, 'qualifierKey': 'GOOD', 'optimalStart': 30.0, 'optimalEnd': 64.0, 'idealStartInSeconds': 5346.0, 'idealEndInSeconds': 11404.8}"
"{'qualifierKey': 'POOR', 'optimalStart': 28200.0, 'optimalEnd': 28200.0}","{'value': 67, 'qualifierKey': 'FAIR'}",2026-03-02,"{'qualifierKey': 'FAIR', 'optimalStart': 0.0, 'optimalEnd': 15.0}","{'qualifierKey': 'GOOD', 'optimalStart': 0.0, 'optimalEnd': 5.0}","{'value': 12, 'qualifierKey': 'FAIR', 'optimalStart': 16.0, 'optimalEnd': 33.0, 'idealStartInSeconds': 3062.4, 'idealEndInSeconds': 6316.2}","{'qualifierKey': 'GOOD', 'optimalStart': 0.0, 'optimalEnd': 1.0}","{'value': 21, 'qualifierKey': 'GOOD', 'optimalStart': 21.0, 'optimalEnd': 31.0, 'idealStartInSeconds': 4019.4, 'idealEndInSeconds': 5933.4}","{'value': 67, 'qualifierKey': 'FAIR', 'optimalStart': 30.0, 'optimalEnd': 64.0, 'idealStartInSeconds': 5742.0, 'idealEndInSeconds': 12249.6}"
"{'qualifierKey': 'FAIR', 'optimalStart': 28200.0, 'optimalEnd': 28200.0}","{'value': 80, 'qualifierKey': 'GOOD'}",2026-03-03,"{'qualifierKey': 'EXCELLENT', 'optimalStart': 0.0, 'optimalEnd': 15.0}","{'qualifierKey': 'EXCELLENT', 'optimalStart': 0.0, 'optimalEnd': 5.0}","{'value': 15, 'qualifierKey': 'FAIR', 'optimalStart': 16.0, 'optimalEnd': 33.0, 'idealStartInSeconds': 3628.8, 'idealEndInSeconds': 7484.4}","{'qualifierKey': 'EXCELLENT', 'optimalStart': 0.0, 'optimalEnd': 1.0}","{'value': 26, 'qualifierKey': 'EXCELLENT', 'optimalStart': 21.0, 'optimalEnd': 31.0, 'idealStartInSeconds': 4762.8, 'idealEndInSeconds': 7030.8}","{'value': 59, 'qualifierKey': 'GOOD', 'optimalStart': 30.0, 'optimalEnd': 64.0, 'idealStartInSeconds': 6804.0, 'idealEndInSeconds': 14515.2}"
"{'qualifierKey': 'EXCELLENT', 'optimalStart': 28200.0, 'optimalEnd': 28200.0}","{'value': 90, 'qualifierKey': 'EXCELLENT'}",2026-03-04,"{'qualifierKey': 'GOOD', 'optimalStart': 0.0, 'optimalEnd': 15.0}","{'qualifierKey': 'EXCELLENT', 'optimalStart': 0.0, 'optimalEnd': 5.0}","{'value': 10, 'qualifierKey': 'FAIR', 'optimalStart': 16.0, 'optimalEnd': 33.0, 'idealStartInSeconds': 5328.0, 'idealEndInSeconds': 10989.0}","{'qualifierKey': 'EXCELLENT', 'optimalStart': 0.0, 'optimalEnd': 1.0}","{'value': 25, 'qualifierKey': 'EXCELLENT', 'optimalStart': 21.0, 'optimalEnd': 31.0, 'idealStartInSeconds': 6993.0, 'idealEndInSeconds': 10323.0}","{'value': 65, 'qualifierKey': 'FAIR', 'optimalStart': 30.0, 'optimalEnd': 64.0, 'idealStartInSeconds': 9990.0, 'idealEndInSeconds': 21312.0}"
"{'qualifierKey': 'POOR', 'optimalStart': 28200.0, 'optimalEnd': 28200.0}","{'value': 54, 'qualifierKey': 'POOR'}",2026-03-05,"{'qualifierKey': 'FAIR', 'optimalStart': 0.0, 'optimalEnd': 15.0}","{'qualifierKey': 'EXCELLENT', 'optimalStart': 0.0, 'optimalEnd': 5.0}","{'value': 24, 'qualifierKey': 'EXCELLENT', 'optimalStart': 16.0, 'optimalEnd': 33.0, 'idealStartInSeconds': 2361.6, 'idealEndInSeconds': 4870.8}","{'qualifierKey': 'EXCELLENT', 'optimalStart': 0.0, 'optimalEnd': 1.0}","{'value': 28, 'qualifierKey': 'EXCELLENT', 'optimalStart': 21.0, 'optimalEnd': 31.0, 'idealStartInSeconds': 3099.6, 'idealEndInSeconds': 4575.6}","{'value': 48, 'qualifierKey': 'EXCELLENT', 'optimalStart': 30.0, 'optimalEnd': 64.0, 'idealStartInSeconds': 4428.0, 'idealEndInSeconds': 9446.4}"
"{'qualifierKey': 'POOR', 'optimalStart': 28200.0, 'optimalEnd': 28200.0}","{'value': 65, 'qualifierKey': 'FAIR'}",2026-03-06,"{'qualifierKey': 'EXCELLENT', 'optimalStart': 0.0, 'optimalEnd': 15.0}","{'qualifierKey': 'GOOD', 'optimalStart': 0.0, 'optimalEnd': 5.0}","{'value': 38, 'qualifierKey': 'EXCELLENT', 'optimalStart': 16.0, 'optimalEnd': 33.0, 'idealStartInSeconds': 2707.2, 'idealEndInSeconds': 5583.6}","{'qualifierKey': 'GOOD', 'optimalStart': 0.0, 'optimalEnd': 1.0}","{'value': 29, 'qualifierKey': 'EXCELLENT', 'optimalStart': 21.0, 'optimalEnd': 31.0, 'idealStartInSeconds': 3553.2, 'idealEndInSeconds': 5245.2}","{'value': 33, 'qualifierKey': 'GOOD', 'optimalStart': 30.0, 'optimalEnd': 64.0, 'idealStartInSeconds': 5076.0, 'idealEndInSeconds': 10828.8}"
"{'qualifierKey': 'FAIR', 'optimalStart': 28200.0, 'optimalEnd': 28200.0}","{'value': 79, 'qualifierKey': 'FAIR'}",2026-03-07,"{'qualifierKey': 'FAIR', 'optimalStart': 0.0, 'optimalEnd': 15.0}","{'qualifierKey': 'GOOD', 'optimalStart': 0.0, 'optimalEnd': 5.0}","{'value': 10, 'qualifierKey': 'FAIR', 'optimalStart': 16.0, 'optimalEnd': 33.0, 'idealStartInSeconds': 4032.0, 'idealEndInSeconds': 8316.0}","{'qualifierKey': 'GOOD', 'optimalStart': 0.0, 'optimalEnd': 1.0}","{'value': 30, 'qualifierKey': 'GOOD', 'optimalStart': 21.0, 'optimalEnd': 31.0, 'idealStartInSeconds': 5292.0, 'idealEndInSeconds': 7812.0}","{'value': 60, 'qualifierKey': 'GOOD', 'optimalStart': 30.0, 'optimalEnd': 64.0, 'idealStartInSeconds': 7560.0, 'idealEndInSeconds': 16128.0}"
"{'qualifierKey': 'FAIR', 'optimalStart': 28200.0, 'optimalEnd': 28200.0}","{'value': 81, 'qualifierKey': 'GOOD'}",2026-03-08,"{'qualifierKey': 'FAIR', 'optimalStart': 0.0, 'optimalEnd': 15.0}","{'qualifierKey': 'GOOD', 'optimalStart': 0.0, 'optimalEnd': 5.0}","{'value': 21, 'qualifierKey': 'EXCELLENT', 'optimalStart': 16.0, 'optimalEnd': 33.0, 'idealStartInSeconds': 3936.0, 'idealEndInSeconds': 8118.0}","{'qualifierKey': 'EXCELLENT', 'optimalStart': 0.0, 'optimalEnd': 1.0}","{'value': 20, 'qualifierKey': 'FAIR', 'optimalStart': 21.0, 'optimalEnd': 31.0, 'idealStartInSeconds': 5166.0, 'idealEndInSeconds': 7626.0}","{'value': 59, 'qualifierKey': 'GOOD', 'optimalStart': 30.0, 'optimalEnd': 64.0, 'idealStartInSeconds': 7380.0, 'idealEndInSeconds': 15744.0}"
"{'qualifierKey': 'EXCELLENT', 'optimalStart': 28200.0, 'optimalEnd': 28200.0}","{'value': 67, 'qualifierKey': 'FAIR'}",2026-03-09,"{'qualifierKey': 'FAIR', 'optimalStart': 0.0, 'optimalEnd': 15.0}","{'qualifierKey': 'POOR', 'optimalStart': 0.0, 'optimalEnd': 5.0}","{'value': 6, 'qualifierKey': 'FAIR', 'optimalStart': 16.0, 'optimalEnd': 33.0, 'idealStartInSeconds': 4656.0, 'idealEndInSeconds': 9603.0}","{'qualifierKey': 'POOR', 'optimalStart': 0.0, 'optimalEnd': 1.0}","{'value': 8, 'qualifierKey': 'POOR', 'optimalStart': 21.0, 'optimalEnd': 31.0, 'idealStartInSeconds': 6111.0, 'idealEndInSeconds': 9021.0}","{'value': 86, 'qualifierKey': 'POOR', 'optimalStart': 30.0, 'optimalEnd': 64.0, 'idealStartInSeconds': 8730.0, 'idealEndInSeconds': 18624.0}"
"{'qualifierKey': 'FAIR', 'optimalStart': 28200.0, 'optimalEnd': 28200.0}","{'value': 74, 'qualifierKey': 'FAIR'}",2026-03-10,"{'qualifierKey': 'EXCELLENT', 'optimalStart': 0.0, 'optimalEnd': 15.0}","{'qualifierKey': 'FAIR', 'optimalStart': 0.0, 'optimalEnd': 5.0}","{'value': 18, 'qualifierKey': 'EXCELLENT', 'optimalStart': 16.0, 'optimalEnd': 33.0, 'idealStartInSeconds': 3657.6, 'idealEndInSeconds': 7543.8}","{'qualifierKey': 'FAIR', 'optimalStart': 0.0, 'optimalEnd': 1.0}","{'value': 13, 'qualifierKey': 'FAIR', 'optimalStart': 21.0, 'optimalEnd': 31.0, 'idealStartInSeconds': 4800.6, 'idealEndInSeconds': 7086.6}","{'value': 69, 'qualifierKey': 'FAIR', 'optimalStart': 30.0, 'optimalEnd': 64.0, 'idealStartInSeconds': 6858.0, 'idealEndInSeconds': 14630.4}"
"{'qualifierKey': 'FAIR', 'optimalStart': 28200.0, 'optimalEnd': 28200.0}","{'value': 86, 'qualifierKey': 'GOOD'}",2026-03-11,"{'qualifierKey': 'EXCELLENT', 'optimalStart': 0.0, 'optimalEnd': 15.0}","{'qualifierKey': 'EXCELLENT', 'optimalStart': 0.0, 'optimalEnd': 5.0}","{'value': 23, 'qualifierKey': 'EXCELLENT', 'optimalStart': 16.0, 'optimalEnd': 33.0, 'idealStartInSeconds': 3830.4, 'idealEndInSeconds': 7900.2}","{'qualifierKey': 'EXCELLENT', 'optimalStart': 0.0, 'optimalEnd': 1.0}","{'value': 27, 'qualifierKey': 'EXCELLENT', 'optimalStart': 21.0, 'optimalEnd': 31.0, 'idealStartInSeconds': 5027.4, 'idealEndInSeconds': 7421.4}","{'value': 50, 'qualifierKey': 'EXCELLENT', 'optimalStart': 30.0, 'optimalEnd': 64.0, 'idealStartInSeconds': 7182.0, 'idealEndInSeconds': 15321.6}"
"{'qualifierKey': 'EXCELLENT', 'optimalStart': 28200.0, 'optimalEnd': 28200.0}","{'value': 87, 'qualifierKey': 'GOOD'}",2026-03-12,"{'qualifierKey': 'FAIR', 'optimalStart': 0.0, 'optimalEnd': 15.0}","{'qualifierKey': 'GOOD', 'optimalStart': 0.0, 'optimalEnd': 5.0}","{'value': 17, 'qualifierKey': 'GOOD', 'optimalStart': 16.0, 'optimalEnd': 33.0, 'idealStartInSeconds': 4435.2, 'idealEndInSeconds': 9147.6}","{'qualifierKey': 'GOOD', 'optimalStart': 0.0, 'optimalEnd': 1.0}","{'value': 26, 'qualifierKey': 'EXCELLENT', 'optimalStart': 21.0, 'optimalEnd': 31.0, 'idealStartInSeconds': 5821.2, 'idealEndInSeconds': 8593.2}","{'value': 57, 'qualifierKey': 'EXCELLENT', 'optimalStart': 30.0, 'optimalEnd': 64.0, 'idealStartInSeconds': 8316.0, 'idealEndInSeconds': 17740.8}"
"{'qualifierKey': 'FAIR', 'optimalStart': 28200.0, 'optimalEnd': 28200.0}","{'value': 75, 'qualifierKey': 'FAIR'}",2026-03-13,"{'qualifierKey': 'EXCELLENT', 'optimalStart': 0.0, 'optimalEnd': 15.0}","{'qualifierKey': 'EXCELLENT', 'optimalStart': 0.0, 'optimalEnd': 5.0}","{'value': 32, 'qualifierKey': 'EXCELLENT', 'optimalStart': 16.0, 'optimalEnd': 33.0, 'idealStartInSeconds': 3202.72, 'idealEndInSeconds': 6605.61}","{'qualifierKey': 'EXCELLENT', 'optimalStart': 0.0, 'optimalEnd': 1.0}","{'value': 22, 'qualifierKey': 'GOOD', 'optimalStart': 21.0, 'optimalEnd': 31.0, 'idealStartInSeconds': 4203.57, 'idealEndInSeconds': 6205.27}","{'value': 46, 'qualifierKey': 'EXCELLENT', 'optimalStart': 30.0, 'optimalEnd': 64.0, 'idealStartInSeconds': 6005.1, 'idealEndInSeconds': 12810.88}"
"{'qualifierKey': 'POOR', 'optimalStart': 28200.0, 'optimalEnd': 28200.0}","{'value': 64, 'qualifierKey': 'FAIR'}",2026-03-14,"{'qualifierKey': 'EXCELLENT', 'optimalStart': 0.0, 'optimalEnd': 15.0}","{'qualifierKey': 'POOR', 'optimalStart': 0.0, 'optimalEnd': 5.0}","{'value': 21, 'qualifierKey': 'EXCELLENT', 'optimalStart': 16.0, 'optimalEnd': 33.0, 'idealStartInSeconds': 3072.0, 'idealEndInSeconds': 6336.0}","{'qualifierKey': 'POOR', 'optimalStart': 0.0, 'optimalEnd': 1.0}","{'value': 21, 'qualifierKey': 'FAIR', 'optimalStart': 21.0, 'optimalEnd': 31.0, 'idealStartInSeconds': 4032.0, 'idealEndInSeconds': 5952.0}","{'value': 58, 'qualifierKey': 'EXCELLENT', 'optimalStart': 30.0, 'optimalEnd': 64.0, 'idealStartInSeconds': 5760.0, 'idealEndInSeconds': 12288.0}"
"{'qualifierKey': 'FAIR', 'optimalStart': 28200.0, 'optimalEnd': 28200.0}","{'value': 58, 'qualifierKey': 'POOR'}",2026-03-15,"{'qualifierKey': 'FAIR', 'optimalStart': 0.0, 'optimalEnd': 15.0}","{'qualifierKey': 'FAIR', 'optimalStart': 0.0, 'optimalEnd': 5.0}","{'value': 16, 'qualifierKey': 'FAIR', 'optimalStart': 16.0, 'optimalEnd': 33.0, 'idealStartInSeconds': 3235.2, 'idealEndInSeconds': 6672.6}","{'qualifierKey': 'POOR', 'optimalStart': 0.0, 'optimalEnd': 1.0}","{'value': 5, 'qualifierKey': 'POOR', 'optimalStart': 21.0, 'optimalEnd': 31.0, 'idealStartInSeconds': 4246.2, 'idealEndInSeconds': 6268.2}","{'value': 80, 'qualifierKey': 'FAIR', 'optimalStart': 30.0, 'optimalEnd': 64.0, 'idealStartInSeconds': 6066.0, 'idealEndInSeconds': 12940.8}"
"{'qualifierKey': 'GOOD', 'optimalStart': 28200.0, 'optimalEnd': 28200.0}","{'value': 91, 'qualifierKey': 'EXCELLENT'}",2026-03-16,"{'qualifierKey': 'GOOD', 'optimalStart': 0.0, 'optimalEnd': 15.0}","{'qualifierKey': 'EXCELLENT', 'optimalStart': 0.0, 'optimalEnd': 5.0}","{'value': 20, 'qualifierKey': 'EXCELLENT', 'optimalStart': 16.0, 'optimalEnd': 33.0, 'idealStartInSeconds': 4204.8, 'idealEndInSeconds': 8672.4}","{'qualifierKey': 'EXCELLENT', 'optimalStart': 0.0, 'optimalEnd': 1.0}","{'value': 25, 'qualifierKey': 'EXCELLENT', 'optimalStart': 21.0, 'optimalEnd': 31.0, 'idealStartInSeconds': 5518.8, 'idealEndInSeconds': 8146.8}","{'value': 55, 'qualifierKey': 'EXCELLENT', 'optimalStart': 30.0, 'optimalEnd': 64.0, 'idealStartInSeconds': 7884.0, 'idealEndInSeconds': 16819.2}"
"{'qualifierKey': 'FAIR', 'optimalStart': 28200.0, 'optimalEnd': 28200.0}","{'value': 75, 'qualifierKey': 'FAIR'}",2026-03-17,"{'qualifierKey': 'EXCELLENT', 'optimalStart': 0.0, 'optimalEnd': 15.0}","{'qualifierKey': 'EXCELLENT', 'optimalStart': 0.0, 'optimalEnd': 5.0}","{'value': 20, 'qualifierKey': 'EXCELLENT', 'optimalStart': 16.0, 'optimalEnd': 33.0, 'idealStartInSeconds': 3187.2, 'idealEndInSeconds': 6573.6}","{'qualifierKey': 'EXCELLENT', 'optimalStart': 0.0, 'optimalEnd': 1.0}","{'value': 30, 'qualifierKey': 'GOOD', 'optimalStart': 21.0, 'optimalEnd': 31.0, 'idealStartInSeconds': 4183.2, 'idealEndInSeconds': 6175.2}","{'value': 50, 'qualifierKey': 'EXCELLENT', 'optimalStart': 30.0, 'optimalEnd': 64.0, 'idealStartInSeconds': 5976.0, 'idealEndInSeconds': 12748.8}"
"{'qualifierKey': 'EXCELLENT', 'optimalStart': 28200.0, 'optimalEnd': 28200.0}","{'value': 87, 'qualifierKey': 'GOOD'}",2026-03-18,"{'qualifierKey': 'FAIR', 'optimalStart': 0.0, 'optimalEnd': 15.0}","{'qualifierKey': 'EXCELLENT', 'optimalStart': 0.0, 'optimalEnd': 5.0}","{'value': 18, 'qualifierKey': 'GOOD', 'optimalStart': 16.0, 'optimalEnd': 33.0, 'idealStartInSeconds': 4368.0, 'idealEndInSeconds': 9009.0}","{'qualifierKey': 'EXCELLENT', 'optimalStart': 0.0, 'optimalEnd': 1.0}","{'value': 21, 'qualifierKey': 'GOOD', 'optimalStart': 21.0, 'optimalEnd': 31.0, 'idealStartInSeconds': 5733.0, 'idealEndInSeconds': 8463.0}","{'value': 61, 'qualifierKey': 'GOOD', 'optimalStart': 30.0, 'optimalEnd': 64.0, 'idealStartInSeconds': 8190.0, 'idealEndInSeconds': 17472.0}"
"{'qualifierKey': 'FAIR', 'optimalStart': 28200.0, 'optimalEnd': 28200.0}","{'value': 70, 'qualifierKey': 'FAIR'}",2026-03-19,"{'qualifierKey': 'EXCELLENT', 'optimalStart': 0.0, 'optimalEnd': 15.0}","{'qualifierKey': 'EXCELLENT', 'optimalStart': 0.0, 'optimalEnd': 5.0}","{'value': 6, 'qualifierKey': 'FAIR', 'optimalStart': 16.0, 'optimalEnd': 33.0, 'idealStartInSeconds': 3158.4, 'idealEndInSeconds': 6514.2}","{'qualifierKey': 'EXCELLENT', 'optimalStart': 0.0, 'optimalEnd': 1.0}","{'value': 33, 'qualifierKey': 'FAIR', 'optimalStart': 21.0, 'optimalEnd': 31.0, 'idealStartInSeconds': 4145.4, 'idealEndInSeconds': 6119.4}","{'value': 61, 'qualifierKey': 'GOOD', 'optimalStart': 30.0, 'optimalEnd': 64.0, 'idealStartInSeconds': 5922.0, 'idealEndInSeconds': 12633.6}"
"{'qualifierKey': 'FAIR', 'optimalStart': 28200.0, 'optimalEnd': 28200.0}","{'value': 84, 'qualifierKey': 'GOOD'}",2026-03-20,"{'qualifierKey': 'FAIR', 'optimalStart': 0.0, 'optimalEnd': 15.0}","{'qualifierKey': 'EXCELLENT', 'optimalStart': 0.0, 'optimalEnd': 5.0}","{'value': 24, 'qualifierKey': 'EXCELLENT', 'optimalStart': 16.0, 'optimalEnd': 33.0, 'idealStartInSeconds': 4012.8, 'idealEndInSeconds': 8276.4}","{'qualifierKey': 'EXCELLENT', 'optimalStart': 0.0, 'optimalEnd': 1.0}","{'value': 24, 'qualifierKey': 'EXCELLENT', 'optimalStart': 21.0, 'optimalEnd': 31.0, 'idealStartInSeconds': 5266.8, 'idealEndInSeconds': 7774.8}","{'value': 51, 'qualifierKey': 'EXCELLENT', 'optimalStart': 30.0, 'optimalEnd': 64.0, 'idealStartInSeconds': 7524.0, 'idealEndInSeconds': 16051.2}"
"{'qualifierKey': 'FAIR', 'optimalStart': 28200.0, 'optimalEnd': 28200.0}","{'value': 84, 'qualifierKey': 'GOOD'}",2026-03-21,"{'qualifierKey': 'EXCELLENT', 'optimalStart': 0.0, 'optimalEnd': 15.0}","{'qualifierKey': 'EXCELLENT', 'optimalStart': 0.0, 'optimalEnd': 5.0}","{'value': 22, 'qualifierKey': 'EXCELLENT', 'optimalStart': 16.0, 'optimalEnd': 33.0, 'idealStartInSeconds': 3715.2, 'idealEndInSeconds': 7662.6}","{'qualifierKey': 'EXCELLENT', 'optimalStart': 0.0, 'optimalEnd': 1.0}","{'value': 27, 'qualifierKey': 'EXCELLENT', 'optimalStart': 21.0, 'optimalEnd': 31.0, 'idealStartInSeconds': 4876.2, 'idealEndInSeconds': 7198.2}","{'value': 51, 'qualifierKey': 'EXCELLENT', 'optimalStart': 30.0, 'optimalEnd': 64.0, 'idealStartInSeconds': 6966.0, 'idealEndInSeconds': 14860.8}"
"{'qualifierKey': 'FAIR', 'optimalStart': 28200.0, 'optimalEnd': 28200.0}","{'value': 79, 'qualifierKey': 'FAIR'}",2026-03-22,"{'qualifierKey': 'FAIR', 'optimalStart': 0.0, 'optimalEnd': 15.0}","{'qualifierKey': 'EXCELLENT', 'optimalStart': 0.0, 'optimalEnd': 5.0}","{'value': 20, 'qualifierKey': 'EXCELLENT', 'optimalStart': 16.0, 'optimalEnd': 33.0, 'idealStartInSeconds': 3724.8, 'idealEndInSeconds': 7682.4}","{'qualifierKey': 'EXCELLENT', 'optimalStart': 0.0, 'optimalEnd': 1.0}","{'value': 20, 'qualifierKey': 'FAIR', 'optimalStart': 21.0, 'optimalEnd': 31.0, 'idealStartInSeconds': 4888.8, 'idealEndInSeconds': 7216.8}","{'value': 59, 'qualifierKey': 'GOOD', 'optimalStart': 30.0, 'optimalEnd': 64.0, 'idealStartInSeconds': 6984.0, 'idealEndInSeconds': 14899.2}"
"{'qualifierKey': 'FAIR', 'optimalStart': 28200.0, 'optimalEnd': 28200.0}","{'value': 86, 'qualifierKey': 'GOOD'}",2026-03-23,"{'qualifierKey': 'EXCELLENT', 'optimalStart': 0.0, 'optimalEnd': 15.0}","{'qualifierKey': 'EXCELLENT', 'optimalStart': 0.0, 'optimalEnd': 5.0}","{'value': 23, 'qualifierKey': 'EXCELLENT', 'optimalStart': 16.0, 'optimalEnd': 33.0, 'idealStartInSeconds': 4099.2, 'idealEndInSeconds': 8454.6}","{'qualifierKey': 'EXCELLENT', 'optimalStart': 0.0, 'optimalEnd': 1.0}","{'value': 20, 'qualifierKey': 'FAIR', 'optimalStart': 21.0, 'optimalEnd': 31.0, 'idealStartInSeconds': 5380.2, 'idealEndInSeconds': 7942.2}","{'value': 57, 'qualifierKey': 'EXCELLENT', 'optimalStart': 30.0, 'optimalEnd': 64.0, 'idealStartInSeconds': 7686.0, 'idealEndInSeconds': 16396.8}"
"{'qualifierKey': 'FAIR', 'optimalStart': 28200.0, 'optimalEnd': 28200.0}","{'value': 74, 'qualifierKey': 'FAIR'}",2026-03-24,"{'qualifierKey': 'EXCELLENT', 'optimalStart': 0.0, 'optimalEnd': 15.0}","{'qualifierKey': 'EXCELLENT', 'optimalStart': 0.0, 'optimalEnd': 5.0}","{'value': 20, 'qualifierKey': 'EXCELLENT', 'optimalStart': 16.0, 'optimalEnd': 33.0, 'idealStartInSeconds': 3158.4, 'idealEndInSeconds': 6514.2}","{'qualifierKey': 'EXCELLENT', 'optimalStart': 0.0, 'optimalEnd': 1.0}","{'value': 21, 'qualifierKey': 'GOOD', 'optimalStart': 21.0, 'optimalEnd': 31.0, 'idealStartInSeconds': 4145.4, 'idealEndInSeconds': 6119.4}","{'value': 59, 'qualifierKey': 'EXCELLENT', 'optimalStart': 30.0, 'optimalEnd': 64.0, 'idealStartInSeconds': 5922.0, 'idealEndInSeconds': 12633.6}"
"{'qualifierKey': 'FAIR', 'optimalStart': 28200.0, 'optimalEnd': 28200.0}","{'value': 78, 'qualifierKey': 'FAIR'}",2026-03-25,"{'qualifierKey': 'EXCELLENT', 'optimalStart': 0.0, 'optimalEnd': 15.0}","{'qualifierKey': 'GOOD', 'optimalStart': 0.0, 'optimalEnd': 5.0}","{'value': 8, 'qualifierKey': 'FAIR', 'optimalStart': 16.0, 'optimalEnd': 33.0, 'idealStartInSeconds': 3868.8, 'idealEndInSeconds': 7979.4}","{'qualifierKey': 'EXCELLENT', 'optimalStart': 0.0, 'optimalEnd': 1.0}","{'value': 17, 'qualifierKey': 'FAIR', 'optimalStart': 21.0, 'optimalEnd': 31.0, 'idealStartInSeconds': 5077.8, 'idealEndInSeconds': 7495.8}","{'value': 74, 'qualifierKey': 'FAIR', 'optimalStart': 30.0, 'optimalEnd': 64.0, 'idealStartInSeconds': 7254.0, 'idealEndInSeconds': 15475.2}"
"{'qualifierKey': 'POOR', 'optimalStart': 28200.0, 'optimalEnd': 28200.0}","{'value': 52, 'qualifierKey': 'POOR'}",2026-03-26,"{'qualifierKey': 'EXCELLENT', 'optimalStart': 0.0, 'optimalEnd': 15.0}","{'qualifierKey': 'FAIR', 'optimalStart': 0.0, 'optimalEnd': 5.0}","{'value': 13, 'qualifierKey': 'FAIR', 'optimalStart': 16.0, 'optimalEnd': 33.0, 'idealStartInSeconds': 2246.4, 'idealEndInSeconds': 4633.2}","{'qualifierKey': 'FAIR', 'optimalStart': 0.0, 'optimalEnd': 1.0}","{'value': 21, 'qualifierKey': 'FAIR', 'optimalStart': 21.0, 'optimalEnd': 31.0, 'idealStartInSeconds': 2948.4, 'idealEndInSeconds': 4352.4}","{'value': 66, 'qualifierKey': 'FAIR', 'optimalStart': 30.0, 'optimalEnd': 64.0, 'idealStartInSeconds': 4212.0, 'idealEndInSeconds': 8985.6}"
"{'qualifierKey': 'FAIR', 'optimalStart': 28200.0, 'optimalEnd': 28200.0}","{'value': 81, 'qualifierKey': 'GOOD'}",2026-03-27,"{'qualifierKey': 'GOOD', 'optimalStart': 0.0, 'optimalEnd': 15.0}","{'qualifierKey': 'GOOD', 'optimalStart': 0.0, 'optimalEnd': 5.0}","{'value': 18, 'qualifierKey': 'GOOD', 'optimalStart': 16.0, 'optimalEnd': 33.0, 'idealStartInSeconds': 3926.4, 'idealEndInSeconds': 8098.2}","{'qualifierKey': 'GOOD', 'optimalStart': 0.0, 'optimalEnd': 1.0}","{'value': 19, 'qualifierKey': 'FAIR', 'optimalStart': 21.0, 'optimalEnd': 31.0, 'idealStartInSeconds': 5153.4, 'idealEndInSeconds': 7607.4}","{'value': 63, 'qualifierKey': 'GOOD', 'optimalStart': 30.0, 'optimalEnd': 64.0, 'idealStartInSeconds': 7362.0, 'idealEndInSeconds': 15705.6}"
"{'qualifierKey': 'FAIR', 'optimalStart': 28200.0, 'optimalEnd': 28200.0}","{'value': 84, 'qualifierKey': 'GOOD'}",2026-03-28,"{'qualifierKey': 'EXCELLENT', 'optimalStart': 0.0, 'optimalEnd': 15.0}","{'qualifierKey': 'EXCELLENT', 'optimalStart': 0.0, 'optimalEnd': 5.0}","{'value': 28, 'qualifierKey': 'EXCELLENT', 'optimalStart': 16.0, 'optimalEnd': 33.0, 'idealStartInSeconds': 3840.0, 'idealEndInSeconds': 7920.0}","{'qualifierKey': 'EXCELLENT', 'optimalStart': 0.0, 'optimalEnd': 1.0}","{'value': 31, 'qualifierKey': 'GOOD', 'optimalStart': 21.0, 'optimalEnd': 31.0, 'idealStartInSeconds': 5040.0, 'idealEndInSeconds': 7440.0}","{'value': 42, 'qualifierKey': 'EXCELLENT', 'optimalStart': 30.0, 'optimalEnd': 64.0, 'idealStartInSeconds': 7200.0, 'idealEndInSeconds': 15360.0}"
"{'qualifierKey': 'POOR', 'optimalStart': 28200.0, 'optimalEnd': 28200.0}","{'value': 57, 'qualifierKey': 'POOR'}",2026-03-29,"{'qualifierKey': 'GOOD', 'optimalStart': 0.0, 'optimalEnd': 15.0}","{'qualifierKey': 'GOOD', 'optimalStart': 0.0, 'optimalEnd': 5.0}","{'value': 9, 'qualifierKey': 'FAIR', 'optimalStart': 16.0, 'optimalEnd': 33.0, 'idealStartInSeconds': 2563.2, 'idealEndInSeconds': 5286.6}","{'qualifierKey': 'EXCELLENT', 'optimalStart': 0.0, 'optimalEnd': 1.0}","{'value': 16, 'qualifierKey': 'FAIR', 'optimalStart': 21.0, 'optimalEnd': 31.0, 'idealStartInSeconds': 3364.2, 'idealEndInSeconds': 4966.2}","{'value': 75, 'qualifierKey': 'FAIR', 'optimalStart': 30.0, 'optimalEnd': 64.0, 'idealStartInSeconds': 4806.0, 'idealEndInSeconds': 10252.8}"
"{'qualifierKey': 'EXCELLENT', 'optimalStart': 28200.0, 'optimalEnd': 28200.0}","{'value': 87, 'qualifierKey': 'GOOD'}",2026-03-30,"{'qualifierKey': 'FAIR', 'optimalStart': 0.0, 'optimalEnd': 15.0}","{'qualifierKey': 'EXCELLENT', 'optimalStart': 0.0, 'optimalEnd': 5.0}","{'value': 14, 'qualifierKey': 'FAIR', 'optimalStart': 16.0, 'optimalEnd': 33.0, 'idealStartInSeconds': 4387.2, 'idealEndInSeconds': 9048.6}","{'qualifierKey': 'EXCELLENT', 'optimalStart': 0.0, 'optimalEnd': 1.0}","{'value': 23, 'qualifierKey': 'EXCELLENT', 'optimalStart': 21.0, 'optimalEnd': 31.0, 'idealStartInSeconds': 5758.2, 'idealEndInSeconds': 8500.2}","{'value': 63, 'qualifierKey': 'GOOD', 'optimalStart': 30.0, 'optimalEnd': 64.0, 'idealStartInSeconds': 8226.0, 'idealEndInSeconds': 17548.8}"
"{'qualifierKey': 'FAIR', 'optimalStart': 28200.0, 'optimalEnd': 28200.0}","{'value': 77, 'qualifierKey': 'FAIR'}",2026-03-31,"{'qualifierKey': 'GOOD', 'optimalStart': 0.0, 'optimalEnd': 15.0}","{'qualifierKey': 'EXCELLENT', 'optimalStart': 0.0, 'optimalEnd': 5.0}","{'value': 17, 'qualifierKey': 'GOOD', 'optimalStart': 16.0, 'optimalEnd': 33.0, 'idealStartInSeconds': 3504.0, 'idealEndInSeconds': 7227.0}","{'qualifierKey': 'EXCELLENT', 'optimalStart': 0.0, 'optimalEnd': 1.0}","{'value': 30, 'qualifierKey': 'GOOD', 'optimalStart': 21.0, 'optimalEnd': 31.0, 'idealStartInSeconds': 4599.0, 'idealEndInSeconds': 6789.0}","{'value': 53, 'qualifierKey': 'EXCELLENT', 'optimalStart': 30.0, 'optimalEnd': 64.0, 'idealStartInSeconds': 6570.0, 'idealEndInSeconds': 14016.0}"
"{'qualifierKey': 'EXCELLENT', 'optimalStart': 28200.0, 'optimalEnd': 28200.0}","{'value': 89, 'qualifierKey': 'GOOD'}",2026-04-01,"{'qualifierKey': 'GOOD', 'optimalStart': 0.0, 'optimalEnd': 15.0}","{'qualifierKey': 'EXCELLENT', 'optimalStart': 0.0, 'optimalEnd': 5.0}","{'value': 13, 'qualifierKey': 'FAIR', 'optimalStart': 16.0, 'optimalEnd': 33.0, 'idealStartInSeconds': 4387.2, 'idealEndInSeconds': 9048.6}","{'qualifierKey': 'EXCELLENT', 'optimalStart': 0.0, 'optimalEnd': 1.0}","{'value': 22, 'qualifierKey': 'GOOD', 'optimalStart': 21.0, 'optimalEnd': 31.0, 'idealStartInSeconds': 5758.2, 'idealEndInSeconds': 8500.2}","{'value': 64, 'qualifierKey': 'GOOD', 'optimalStart': 30.0, 'optimalEnd': 64.0, 'idealStartInSeconds': 8226.0, 'idealEndInSeconds': 17548.8}"
"{'qualifierKey': 'FAIR', 'optimalStart': 28200.0, 'optimalEnd': 28200.0}","{'value': 77, 'qualifierKey': 'FAIR'}",2026-04-02,"{'qualifierKey': 'FAIR', 'optimalStart': 0.0, 'optimalEnd': 15.0}","{'qualifierKey': 'EXCELLENT', 'optimalStart': 0.0, 'optimalEnd': 5.0}","{'value': 15, 'qualifierKey': 'FAIR', 'optimalStart': 16.0, 'optimalEnd': 33.0, 'idealStartInSeconds': 3849.6, 'idealEndInSeconds': 7939.8}","{'qualifierKey': 'EXCELLENT', 'optimalStart': 0.0, 'optimalEnd': 1.0}","{'value': 26, 'qualifierKey': 'EXCELLENT', 'optimalStart': 21.0, 'optimalEnd': 31.0, 'idealStartInSeconds': 5052.6, 'idealEndInSeconds': 7458.6}","{'value': 59, 'qualifierKey': 'EXCELLENT', 'optimalStart': 30.0, 'optimalEnd': 64.0, 'idealStartInSeconds': 7218.0, 'idealEndInSeconds': 15398.4}"
"{'qualifierKey': 'EXCELLENT', 'optimalStart': 28200.0, 'optimalEnd': 28200.0}","{'value': 87, 'qualifierKey': 'GOOD'}",2026-04-03,"{'qualifierKey': 'EXCELLENT', 'optimalStart': 0.0, 'optimalEnd': 15.0}","{'qualifierKey': 'FAIR', 'optimalStart': 0.0, 'optimalEnd': 5.0}","{'value': 18, 'qualifierKey': 'GOOD', 'optimalStart': 16.0, 'optimalEnd': 33.0, 'idealStartInSeconds': 4404.64, 'idealEndInSeconds': 9084.57}","{'qualifierKey': 'FAIR', 'optimalStart': 0.0, 'optimalEnd': 1.0}","{'value': 31, 'qualifierKey': 'GOOD', 'optimalStart': 21.0, 'optimalEnd': 31.0, 'idealStartInSeconds': 5781.09, 'idealEndInSeconds': 8533.99}","{'value': 51, 'qualifierKey': 'EXCELLENT', 'optimalStart': 30.0, 'optimalEnd': 64.0, 'idealStartInSeconds': 8258.7, 'idealEndInSeconds': 17618.56}"
"{'qualifierKey': 'FAIR', 'optimalStart': 28200.0, 'optimalEnd': 28200.0}","{'value': 73, 'qualifierKey': 'FAIR'}",2026-04-04,"{'qualifierKey': 'FAIR', 'optimalStart': 0.0, 'optimalEnd': 15.0}","{'qualifierKey': 'GOOD', 'optimalStart': 0.0, 'optimalEnd': 5.0}","{'value': 7, 'qualifierKey': 'FAIR', 'optimalStart': 16.0, 'optimalEnd': 33.0, 'idealStartInSeconds': 3532.8, 'idealEndInSeconds': 7286.4}","{'qualifierKey': 'GOOD', 'optimalStart': 0.0, 'optimalEnd': 1.0}","{'value': 26, 'qualifierKey': 'EXCELLENT', 'optimalStart': 21.0, 'optimalEnd': 31.0, 'idealStartInSeconds': 4636.8, 'idealEndInSeconds': 6844.8}","{'value': 67, 'qualifierKey': 'FAIR', 'optimalStart': 30.0, 'optimalEnd': 64.0, 'idealStartInSeconds': 6624.0, 'idealEndInSeconds': 14131.2}"
"{'qualifierKey': 'POOR', 'optimalStart': 28200.0, 'optimalEnd': 28200.0}","{'value': 52, 'qualifierKey': 'POOR'}",2026-04-05,"{'qualifierKey': 'EXCELLENT', 'optimalStart': 0.0, 'optimalEnd': 15.0}","{'qualifierKey': 'FAIR', 'optimalStart': 0.0, 'optimalEnd': 5.0}","{'value': 30, 'qualifierKey': 'EXCELLENT', 'optimalStart': 16.0, 'optimalEnd': 33.0, 'idealStartInSeconds': 2284.8, 'idealEndInSeconds': 4712.4}","{'qualifierKey': 'FAIR', 'optimalStart': 0.0, 'optimalEnd': 1.0}","{'value': 16, 'qualifierKey': 'FAIR', 'optimalStart': 21.0, 'optimalEnd': 31.0, 'idealStartInSeconds': 2998.8, 'idealEndInSeconds': 4426.8}","{'value': 53, 'qualifierKey': 'EXCELLENT', 'optimalStart': 30.0, 'optimalEnd': 64.0, 'idealStartInSeconds': 4284.0, 'idealEndInSeconds': 9139.2}"
"{'qualifierKey': 'EXCELLENT', 'optimalStart': 28200.0, 'optimalEnd': 28200.0}","{'value': 92, 'qualifierKey': 'EXCELLENT'}",2026-04-06,"{'qualifierKey': 'EXCELLENT', 'optimalStart': 0.0, 'optimalEnd': 15.0}","{'qualifierKey': 'EXCELLENT', 'optimalStart': 0.0, 'optimalEnd': 5.0}","{'value': 17, 'qualifierKey': 'GOOD', 'optimalStart': 16.0, 'optimalEnd': 33.0, 'idealStartInSeconds': 4310.4, 'idealEndInSeconds': 8890.2}","{'qualifierKey': 'EXCELLENT', 'optimalStart': 0.0, 'optimalEnd': 1.0}","{'value': 30, 'qualifierKey': 'GOOD', 'optimalStart': 21.0, 'optimalEnd': 31.0, 'idealStartInSeconds': 5657.4, 'idealEndInSeconds': 8351.4}","{'value': 53, 'qualifierKey': 'EXCELLENT', 'optimalStart': 30.0, 'optimalEnd': 64.0, 'idealStartInSeconds': 8082.0, 'idealEndInSeconds': 17241.6}"
"{'qualifierKey': 'FAIR', 'optimalStart': 28200.0, 'optimalEnd': 28200.0}","{'value': 75, 'qualifierKey': 'FAIR'}",2026-04-07,"{'qualifierKey': 'GOOD', 'optimalStart': 0.0, 'optimalEnd': 15.0}","{'qualifierKey': 'EXCELLENT', 'optimalStart': 0.0, 'optimalEnd': 5.0}","{'value': 18, 'qualifierKey': 'GOOD', 'optimalStart': 16.0, 'optimalEnd': 33.0, 'idealStartInSeconds': 3494.4, 'idealEndInSeconds': 7207.2}","{'qualifierKey': 'EXCELLENT', 'optimalStart': 0.0, 'optimalEnd': 1.0}","{'value': 13, 'qualifierKey': 'FAIR', 'optimalStart': 21.0, 'optimalEnd': 31.0, 'idealStartInSeconds': 4586.4, 'idealEndInSeconds': 6770.4}","{'value': 69, 'qualifierKey': 'FAIR', 'optimalStart': 30.0, 'optimalEnd': 64.0, 'idealStartInSeconds': 6552.0, 'idealEndInSeconds': 13977.6}"
"{'qualifierKey': 'POOR', 'optimalStart': 28200.0, 'optimalEnd': 28200.0}","{'value': 63, 'qualifierKey': 'FAIR'}",2026-04-08,"{'qualifierKey': 'FAIR', 'optimalStart': 0.0, 'optimalEnd': 15.0}","{'qualifierKey': 'GOOD', 'optimalStart': 0.0, 'optimalEnd': 5.0}","{'value': 15, 'qualifierKey': 'FAIR', 'optimalStart': 16.0, 'optimalEnd': 33.0, 'idealStartInSeconds': 2870.4, 'idealEndInSeconds': 5920.2}","{'qualifierKey': 'GOOD', 'optimalStart': 0.0, 'optimalEnd': 1.0}","{'value': 18, 'qualifierKey': 'FAIR', 'optimalStart': 21.0, 'optimalEnd': 31.0, 'idealStartInSeconds': 3767.4, 'idealEndInSeconds': 5561.4}","{'value': 68, 'qualifierKey': 'FAIR', 'optimalStart': 30.0, 'optimalEnd': 64.0, 'idealStartInSeconds': 5382.0, 'idealEndInSeconds': 11481.6}"
"{'qualifierKey': 'FAIR', 'optimalStart': 28200.0, 'optimalEnd': 28200.0}","{'value': 78, 'qualifierKey': 'FAIR'}",2026-04-09,"{'qualifierKey': 'FAIR', 'optimalStart': 0.0, 'optimalEnd': 15.0}","{'qualifierKey': 'GOOD', 'optimalStart': 0.0, 'optimalEnd': 5.0}","{'value': 12, 'qualifierKey': 'FAIR', 'optimalStart': 16.0, 'optimalEnd': 33.0, 'idealStartInSeconds': 3916.8, 'idealEndInSeconds': 8078.4}","{'qualifierKey': 'GOOD', 'optimalStart': 0.0, 'optimalEnd': 1.0}","{'value': 21, 'qualifierKey': 'GOOD', 'optimalStart': 21.0, 'optimalEnd': 31.0, 'idealStartInSeconds': 5140.8, 'idealEndInSeconds': 7588.8}","{'value': 67, 'qualifierKey': 'FAIR', 'optimalStart': 30.0, 'optimalEnd': 64.0, 'idealStartInSeconds': 7344.0, 'idealEndInSeconds': 15667.2}"
"{'qualifierKey': 'FAIR', 'optimalStart': 28200.0, 'optimalEnd': 28200.0}","{'value': 81, 'qualifierKey': 'GOOD'}",2026-04-10,"{'qualifierKey': 'EXCELLENT', 'optimalStart': 0.0, 'optimalEnd': 15.0}","{'qualifierKey': 'EXCELLENT', 'optimalStart': 0.0, 'optimalEnd': 5.0}","{'value': 28, 'qualifierKey': 'EXCELLENT', 'optimalStart': 16.0, 'optimalEnd': 33.0, 'idealStartInSeconds': 3580.8, 'idealEndInSeconds': 7385.4}","{'qualifierKey': 'EXCELLENT', 'optimalStart': 0.0, 'optimalEnd': 1.0}","{'value': 27, 'qualifierKey': 'EXCELLENT', 'optimalStart': 21.0, 'optimalEnd': 31.0, 'idealStartInSeconds': 4699.8, 'idealEndInSeconds': 6937.8}","{'value': 45, 'qualifierKey': 'EXCELLENT', 'optimalStart': 30.0, 'optimalEnd': 64.0, 'idealStartInSeconds': 6714.0, 'idealEndInSeconds': 14323.2}"
"{'qualifierKey': 'GOOD', 'optimalStart': 28200.0, 'optimalEnd': 28200.0}","{'value': 77, 'qualifierKey': 'FAIR'}",2026-04-11,"{'qualifierKey': 'GOOD', 'optimalStart': 0.0, 'optimalEnd': 15.0}","{'qualifierKey': 'POOR', 'optimalStart': 0.0, 'optimalEnd': 5.0}","{'value': 21, 'qualifierKey': 'EXCELLENT', 'optimalStart': 16.0, 'optimalEnd': 33.0, 'idealStartInSeconds': 4195.2, 'idealEndInSeconds': 8652.6}","{'qualifierKey': 'POOR', 'optimalStart': 0.0, 'optimalEnd': 1.0}","{'value': 31, 'qualifierKey': 'GOOD', 'optimalStart': 21.0, 'optimalEnd': 31.0, 'idealStartInSeconds': 5506.2, 'idealEndInSeconds': 8128.2}","{'value': 48, 'qualifierKey': 'EXCELLENT', 'optimalStart': 30.0, 'optimalEnd': 64.0, 'idealStartInSeconds': 7866.0, 'idealEndInSeconds': 16780.8}"
"{'qualifierKey': 'GOOD', 'optimalStart': 28200.0, 'optimalEnd': 28200.0}","{'value': 82, 'qualifierKey': 'GOOD'}",2026-04-12,"{'qualifierKey': 'FAIR', 'optimalStart': 0.0, 'optimalEnd': 15.0}","{'qualifierKey': 'EXCELLENT', 'optimalStart': 0.0, 'optimalEnd': 5.0}","{'value': 15, 'qualifierKey': 'FAIR', 'optimalStart': 16.0, 'optimalEnd': 33.0, 'idealStartInSeconds': 4224.0, 'idealEndInSeconds': 8712.0}","{'qualifierKey': 'EXCELLENT', 'optimalStart': 0.0, 'optimalEnd': 1.0}","{'value': 20, 'qualifierKey': 'FAIR', 'optimalStart': 21.0, 'optimalEnd': 31.0, 'idealStartInSeconds': 5544.0, 'idealEndInSeconds': 8184.0}","{'value': 65, 'qualifierKey': 'FAIR', 'optimalStart': 30.0, 'optimalEnd': 64.0, 'idealStartInSeconds': 7920.0, 'idealEndInSeconds': 16896.0}"
"{'qualifierKey': 'EXCELLENT', 'optimalStart': 28200.0, 'optimalEnd': 28200.0}","{'value': 95, 'qualifierKey': 'EXCELLENT'}",2026-04-13,"{'qualifierKey': 'EXCELLENT', 'optimalStart': 0.0, 'optimalEnd': 15.0}","{'qualifierKey': 'EXCELLENT', 'optimalStart': 0.0, 'optimalEnd': 5.0}","{'value': 18, 'qualifierKey': 'EXCELLENT', 'optimalStart': 16.0, 'optimalEnd': 33.0, 'idealStartInSeconds': 4377.6, 'idealEndInSeconds': 9028.8}","{'qualifierKey': 'EXCELLENT', 'optimalStart': 0.0, 'optimalEnd': 1.0}","{'value': 23, 'qualifierKey': 'EXCELLENT', 'optimalStart': 21.0, 'optimalEnd': 31.0, 'idealStartInSeconds': 5745.6, 'idealEndInSeconds': 8481.6}","{'value': 59, 'qualifierKey': 'EXCELLENT', 'optimalStart': 30.0, 'optimalEnd': 64.0, 'idealStartInSeconds': 8208.0, 'idealEndInSeconds': 17510.4}"
"{'qualifierKey': 'FAIR', 'optimalStart': 28200.0, 'optimalEnd': 28200.0}","{'value': 80, 'qualifierKey': 'GOOD'}",2026-04-14,"{'qualifierKey': 'EXCELLENT', 'optimalStart': 0.0, 'optimalEnd': 15.0}","{'qualifierKey': 'GOOD', 'optimalStart': 0.0, 'optimalEnd': 5.0}","{'value': 13, 'qualifierKey': 'FAIR', 'optimalStart': 16.0, 'optimalEnd': 33.0, 'idealStartInSeconds': 3891.36, 'idealEndInSeconds': 8025.93}","{'qualifierKey': 'GOOD', 'optimalStart': 0.0, 'optimalEnd': 1.0}","{'value': 33, 'qualifierKey': 'FAIR', 'optimalStart': 21.0, 'optimalEnd': 31.0, 'idealStartInSeconds': 5107.41, 'idealEndInSeconds': 7539.51}","{'value': 55, 'qualifierKey': 'EXCELLENT', 'optimalStart': 30.0, 'optimalEnd': 64.0, 'idealStartInSeconds': 7296.3, 'idealEndInSeconds': 15565.44}"
"{'qualifierKey': 'EXCELLENT', 'optimalStart': 28200.0, 'optimalEnd': 28200.0}","{'value': 86, 'qualifierKey': 'GOOD'}",2026-04-15,"{'qualifierKey': 'FAIR', 'optimalStart': 0.0, 'optimalEnd': 15.0}","{'qualifierKey': 'EXCELLENT', 'optimalStart': 0.0, 'optimalEnd': 5.0}","{'value': 17, 'qualifierKey': 'GOOD', 'optimalStart': 16.0, 'optimalEnd': 33.0, 'idealStartInSeconds': 4348.8, 'idealEndInSeconds': 8969.4}","{'qualifierKey': 'EXCELLENT', 'optimalStart': 0.0, 'optimalEnd': 1.0}","{'value': 26, 'qualifierKey': 'EXCELLENT', 'optimalStart': 21.0, 'optimalEnd': 31.0, 'idealStartInSeconds': 5707.8, 'idealEndInSeconds': 8425.8}","{'value': 57, 'qualifierKey': 'EXCELLENT', 'optimalStart': 30.0, 'optimalEnd': 64.0, 'idealStartInSeconds': 8154.0, 'idealEndInSeconds': 17395.2}"
"{'qualifierKey': 'FAIR', 'optimalStart': 28200.0, 'optimalEnd': 28200.0}","{'value': 77, 'qualifierKey': 'FAIR'}",2026-04-16,"{'qualifierKey': 'EXCELLENT', 'optimalStart': 0.0, 'optimalEnd': 15.0}","{'qualifierKey': 'EXCELLENT', 'optimalStart': 0.0, 'optimalEnd': 5.0}","{'value': 21, 'qualifierKey': 'EXCELLENT', 'optimalStart': 16.0, 'optimalEnd': 33.0, 'idealStartInSeconds': 3425.92, 'idealEndInSeconds': 7065.96}","{'qualifierKey': 'EXCELLENT', 'optimalStart': 0.0, 'optimalEnd': 1.0}","{'value': 17, 'qualifierKey': 'FAIR', 'optimalStart': 21.0, 'optimalEnd': 31.0, 'idealStartInSeconds': 4496.52, 'idealEndInSeconds': 6637.72}","{'value': 62, 'qualifierKey': 'GOOD', 'optimalStart': 30.0, 'optimalEnd': 64.0, 'idealStartInSeconds': 6423.6, 'idealEndInSeconds': 13703.68}"
"{'qualifierKey': 'FAIR', 'optimalStart': 28200.0, 'optimalEnd': 28200.0}","{'value': 78, 'qualifierKey': 'FAIR'}",2026-04-17,"{'qualifierKey': 'EXCELLENT', 'optimalStart': 0.0, 'optimalEnd': 15.0}","{'qualifierKey': 'EXCELLENT', 'optimalStart': 0.0, 'optimalEnd': 5.0}","{'value': 18, 'qualifierKey': 'GOOD', 'optimalStart': 16.0, 'optimalEnd': 33.0, 'idealStartInSeconds': 3403.04, 'idealEndInSeconds': 7018.77}","{'qualifierKey': 'EXCELLENT', 'optimalStart': 0.0, 'optimalEnd': 1.0}","{'value': 22, 'qualifierKey': 'GOOD', 'optimalStart': 21.0, 'optimalEnd': 31.0, 'idealStartInSeconds': 4466.49, 'idealEndInSeconds': 6593.39}","{'value': 61, 'qualifierKey': 'GOOD', 'optimalStart': 30.0, 'optimalEnd': 64.0, 'idealStartInSeconds': 6380.7, 'idealEndInSeconds': 13612.16}"
"{'qualifierKey': 'FAIR', 'optimalStart': 28200.0, 'optimalEnd': 28200.0}","{'value': 62, 'qualifierKey': 'FAIR'}",2026-04-18,"{'qualifierKey': 'EXCELLENT', 'optimalStart': 0.0, 'optimalEnd': 15.0}","{'qualifierKey': 'POOR', 'optimalStart': 0.0, 'optimalEnd': 5.0}","{'value': 24, 'qualifierKey': 'EXCELLENT', 'optimalStart': 16.0, 'optimalEnd': 33.0, 'idealStartInSeconds': 3340.8, 'idealEndInSeconds': 6890.4}","{'qualifierKey': 'POOR', 'optimalStart': 0.0, 'optimalEnd': 1.0}","{'value': 16, 'qualifierKey': 'FAIR', 'optimalStart': 21.0, 'optimalEnd': 31.0, 'idealStartInSeconds': 4384.8, 'idealEndInSeconds': 6472.8}","{'value': 60, 'qualifierKey': 'GOOD', 'optimalStart': 30.0, 'optimalEnd': 64.0, 'idealStartInSeconds': 6264.0, 'idealEndInSeconds': 13363.2}"
"{'qualifierKey': 'GOOD', 'optimalStart': 28200.0, 'optimalEnd': 28200.0}","{'value': 77, 'qualifierKey': 'FAIR'}",2026-04-19,"{'qualifierKey': 'FAIR', 'optimalStart': 0.0, 'optimalEnd': 15.0}","{'qualifierKey': 'FAIR', 'optimalStart': 0.0, 'optimalEnd': 5.0}","{'value': 14, 'qualifierKey': 'FAIR', 'optimalStart': 16.0, 'optimalEnd': 33.0, 'idealStartInSeconds': 4224.0, 'idealEndInSeconds': 8712.0}","{'qualifierKey': 'FAIR', 'optimalStart': 0.0, 'optimalEnd': 1.0}","{'value': 22, 'qualifierKey': 'GOOD', 'optimalStart': 21.0, 'optimalEnd': 31.0, 'idealStartInSeconds': 5544.0, 'idealEndInSeconds': 8184.0}","{'value': 65, 'qualifierKey': 'FAIR', 'optimalStart': 30.0, 'optimalEnd': 64.0, 'idealStartInSeconds': 7920.0, 'idealEndInSeconds': 16896.0}"
"{'qualifierKey': 'EXCELLENT', 'optimalStart': 28200.0, 'optimalEnd': 28200.0}","{'value': 91, 'qualifierKey': 'EXCELLENT'}",2026-04-20,"{'qualifierKey': 'FAIR', 'optimalStart': 0.0, 'optimalEnd': 15.0}","{'qualifierKey': 'EXCELLENT', 'optimalStart': 0.0, 'optimalEnd': 5.0}","{'value': 20, 'qualifierKey': 'EXCELLENT', 'optimalStart': 16.0, 'optimalEnd': 33.0, 'idealStartInSeconds': 4872.8, 'idealEndInSeconds': 10050.15}","{'qualifierKey': 'EXCELLENT', 'optimalStart': 0.0, 'optimalEnd': 1.0}","{'value': 26, 'qualifierKey': 'EXCELLENT', 'optimalStart': 21.0, 'optimalEnd': 31.0, 'idealStartInSeconds': 6395.55, 'idealEndInSeconds': 9441.05}","{'value': 54, 'qualifierKey': 'EXCELLENT', 'optimalStart': 30.0, 'optimalEnd': 64.0, 'idealStartInSeconds': 9136.5, 'idealEndInSeconds': 19491.2}"
"{'qualifierKey': 'EXCELLENT', 'optimalStart': 28200.0, 'optimalEnd': 28200.0}","{'value': 93, 'qualifierKey': 'EXCELLENT'}",2026-04-21,"{'qualifierKey': 'EXCELLENT', 'optimalStart': 0.0, 'optimalEnd': 15.0}","{'qualifierKey': 'EXCELLENT', 'optimalStart': 0.0, 'optimalEnd': 5.0}","{'value': 10, 'qualifierKey': 'FAIR', 'optimalStart': 16.0, 'optimalEnd': 33.0, 'idealStartInSeconds': 4502.4, 'idealEndInSeconds': 9286.2}","{'qualifierKey': 'EXCELLENT', 'optimalStart': 0.0, 'optimalEnd': 1.0}","{'value': 24, 'qualifierKey': 'EXCELLENT', 'optimalStart': 21.0, 'optimalEnd': 31.0, 'idealStartInSeconds': 5909.4, 'idealEndInSeconds': 8723.4}","{'value': 66, 'qualifierKey': 'FAIR', 'optimalStart': 30.0, 'optimalEnd': 64.0, 'idealStartInSeconds': 8442.0, 'idealEndInSeconds': 18009.6}"
"{'qualifierKey': 'FAIR', 'optimalStart': 28200.0, 'optimalEnd': 28200.0}","{'value': 82, 'qualifierKey': 'GOOD'}",2026-04-22,"{'qualifierKey': 'EXCELLENT', 'optimalStart': 0.0, 'optimalEnd': 15.0}","{'qualifierKey': 'EXCELLENT', 'optimalStart': 0.0, 'optimalEnd': 5.0}","{'value': 22, 'qualifierKey': 'EXCELLENT', 'optimalStart': 16.0, 'optimalEnd': 33.0, 'idealStartInSeconds': 3705.6, 'idealEndInSeconds': 7642.8}","{'qualifierKey': 'EXCELLENT', 'optimalStart': 0.0, 'optimalEnd': 1.0}","{'value': 32, 'qualifierKey': 'FAIR', 'optimalStart': 21.0, 'optimalEnd': 31.0, 'idealStartInSeconds': 4863.6, 'idealEndInSeconds': 7179.6}","{'value': 47, 'qualifierKey': 'EXCELLENT', 'optimalStart': 30.0, 'optimalEnd': 64.0, 'idealStartInSeconds': 6948.0, 'idealEndInSeconds': 14822.4}"
"{'qualifierKey': 'POOR', 'optimalStart': 28200.0, 'optimalEnd': 28200.0}","{'value': 71, 'qualifierKey': 'FAIR'}",2026-04-23,"{'qualifierKey': 'EXCELLENT', 'optimalStart': 0.0, 'optimalEnd': 15.0}","{'qualifierKey': 'FAIR', 'optimalStart': 0.0, 'optimalEnd': 5.0}","{'value': 27, 'qualifierKey': 'EXCELLENT', 'optimalStart': 16.0, 'optimalEnd': 33.0, 'idealStartInSeconds': 2985.6, 'idealEndInSeconds': 6157.8}","{'qualifierKey': 'FAIR', 'optimalStart': 0.0, 'optimalEnd': 1.0}","{'value': 30, 'qualifierKey': 'GOOD', 'optimalStart': 21.0, 'optimalEnd': 31.0, 'idealStartInSeconds': 3918.6, 'idealEndInSeconds': 5784.6}","{'value': 43, 'qualifierKey': 'EXCELLENT', 'optimalStart': 30.0, 'optimalEnd': 64.0, 'idealStartInSeconds': 5598.0, 'idealEndInSeconds': 11942.4}"
"{'qualifierKey': 'FAIR', 'optimalStart': 28200.0, 'optimalEnd': 28200.0}","{'value': 70, 'qualifierKey': 'FAIR'}",2026-04-24,"{'qualifierKey': 'FAIR', 'optimalStart': 0.0, 'optimalEnd': 15.0}","{'qualifierKey': 'GOOD', 'optimalStart': 0.0, 'optimalEnd': 5.0}","{'value': 15, 'qualifierKey': 'FAIR', 'optimalStart': 16.0, 'optimalEnd': 33.0, 'idealStartInSeconds': 3244.8, 'idealEndInSeconds': 6692.4}","{'qualifierKey': 'GOOD', 'optimalStart': 0.0, 'optimalEnd': 1.0}","{'value': 17, 'qualifierKey': 'FAIR', 'optimalStart': 21.0, 'optimalEnd': 31.0, 'idealStartInSeconds': 4258.8, 'idealEndInSeconds': 6286.8}","{'value': 68, 'qualifierKey': 'FAIR', 'optimalStart': 30.0, 'optimalEnd': 64.0, 'idealStartInSeconds': 6084.0, 'idealEndInSeconds': 12979.2}"
"{'qualifierKey': 'FAIR', 'optimalStart': 28200.0, 'optimalEnd': 28200.0}","{'value': 74, 'qualifierKey': 'FAIR'}",2026-04-25,"{'qualifierKey': 'FAIR', 'optimalStart': 0.0, 'optimalEnd': 15.0}","{'qualifierKey': 'GOOD', 'optimalStart': 0.0, 'optimalEnd': 5.0}","{'value': 24, 'qualifierKey': 'EXCELLENT', 'optimalStart': 16.0, 'optimalEnd': 33.0, 'idealStartInSeconds': 3523.2, 'idealEndInSeconds': 7266.6}","{'qualifierKey': 'GOOD', 'optimalStart': 0.0, 'optimalEnd': 1.0}","{'value': 20, 'qualifierKey': 'FAIR', 'optimalStart': 21.0, 'optimalEnd': 31.0, 'idealStartInSeconds': 4624.2, 'idealEndInSeconds': 6826.2}","{'value': 56, 'qualifierKey': 'EXCELLENT', 'optimalStart': 30.0, 'optimalEnd': 64.0, 'idealStartInSeconds': 6606.0, 'idealEndInSeconds': 14092.8}"
"{'qualifierKey': 'GOOD', 'optimalStart': 28200.0, 'optimalEnd': 28200.0}","{'value': 79, 'qualifierKey': 'FAIR'}",2026-04-26,"{'qualifierKey': 'FAIR', 'optimalStart': 0.0, 'optimalEnd': 15.0}","{'qualifierKey': 'EXCELLENT', 'optimalStart': 0.0, 'optimalEnd': 5.0}","{'value': 12, 'qualifierKey': 'FAIR', 'optimalStart': 16.0, 'optimalEnd': 33.0, 'idealStartInSeconds': 4128.0, 'idealEndInSeconds': 8514.0}","{'qualifierKey': 'EXCELLENT', 'optimalStart': 0.0, 'optimalEnd': 1.0}","{'value': 15, 'qualifierKey': 'FAIR', 'optimalStart': 21.0, 'optimalEnd': 31.0, 'idealStartInSeconds': 5418.0, 'idealEndInSeconds': 7998.0}","{'value': 73, 'qualifierKey': 'FAIR', 'optimalStart': 30.0, 'optimalEnd': 64.0, 'idealStartInSeconds': 7740.0, 'idealEndInSeconds': 16512.0}"
"{'qualifierKey': 'GOOD', 'optimalStart': 28200.0, 'optimalEnd': 28200.0}","{'value': 90, 'qualifierKey': 'EXCELLENT'}",2026-04-27,"{'qualifierKey': 'GOOD', 'optimalStart': 0.0, 'optimalEnd': 15.0}","{'qualifierKey': 'EXCELLENT', 'optimalStart': 0.0, 'optimalEnd': 5.0}","{'value': 24, 'qualifierKey': 'EXCELLENT', 'optimalStart': 16.0, 'optimalEnd': 33.0, 'idealStartInSeconds': 4272.0, 'idealEndInSeconds': 8811.0}","{'qualifierKey': 'EXCELLENT', 'optimalStart': 0.0, 'optimalEnd': 1.0}","{'value': 24, 'qualifierKey': 'EXCELLENT', 'optimalStart': 21.0, 'optimalEnd': 31.0, 'idealStartInSeconds': 5607.0, 'idealEndInSeconds': 8277.0}","{'value': 52, 'qualifierKey': 'EXCELLENT', 'optimalStart': 30.0, 'optimalEnd': 64.0, 'idealStartInSeconds': 8010.0, 'idealEndInSeconds': 17088.0}"
"{'qualifierKey': 'EXCELLENT', 'optimalStart': 28200.0, 'optimalEnd': 28200.0}","{'value': 94, 'qualifierKey': 'EXCELLENT'}",2026-04-28,"{'qualifierKey': 'GOOD', 'optimalStart': 0.0, 'optimalEnd': 15.0}","{'qualifierKey': 'EXCELLENT', 'optimalStart': 0.0, 'optimalEnd': 5.0}","{'value': 16, 'qualifierKey': 'GOOD', 'optimalStart': 16.0, 'optimalEnd': 33.0, 'idealStartInSeconds': 4663.36, 'idealEndInSeconds': 9618.18}","{'qualifierKey': 'EXCELLENT', 'optimalStart': 0.0, 'optimalEnd': 1.0}","{'value': 26, 'qualifierKey': 'EXCELLENT', 'optimalStart': 21.0, 'optimalEnd': 31.0, 'idealStartInSeconds': 6120.66, 'idealEndInSeconds': 9035.26}","{'value': 58, 'qualifierKey': 'EXCELLENT', 'optimalStart': 30.0, 'optimalEnd': 64.0, 'idealStartInSeconds': 8743.8, 'idealEndInSeconds': 18653.44}"
"{'qualifierKey': 'FAIR', 'optimalStart': 28200.0, 'optimalEnd': 28200.0}","{'value': 78, 'qualifierKey': 'FAIR'}",2026-04-29,"{'qualifierKey': 'EXCELLENT', 'optimalStart': 0.0, 'optimalEnd': 15.0}","{'qualifierKey': 'GOOD', 'optimalStart': 0.0, 'optimalEnd': 5.0}","{'value': 21, 'qualifierKey': 'EXCELLENT', 'optimalStart': 16.0, 'optimalEnd': 33.0, 'idealStartInSeconds': 3456.0, 'idealEndInSeconds': 7128.0}","{'qualifierKey': 'GOOD', 'optimalStart': 0.0, 'optimalEnd': 1.0}","{'value': 29, 'qualifierKey': 'EXCELLENT', 'optimalStart': 21.0, 'optimalEnd': 31.0, 'idealStartInSeconds': 4536.0, 'idealEndInSeconds': 6696.0}","{'value': 50, 'qualifierKey': 'EXCELLENT', 'optimalStart': 30.0, 'optimalEnd': 64.0, 'idealStartInSeconds': 6480.0, 'idealEndInSeconds': 13824.0}"
"{'qualifierKey': 'FAIR', 'optimalStart': 28200.0, 'optimalEnd': 28200.0}","{'value': 72, 'qualifierKey': 'FAIR'}",2026-04-30,"{'qualifierKey': 'FAIR', 'optimalStart': 0.0, 'optimalEnd': 15.0}","{'qualifierKey': 'EXCELLENT', 'optimalStart': 0.0, 'optimalEnd': 5.0}","{'value': 20, 'qualifierKey': 'EXCELLENT', 'optimalStart': 16.0, 'optimalEnd': 33.0, 'idealStartInSeconds': 3062.4, 'idealEndInSeconds': 6316.2}","{'qualifierKey': 'EXCELLENT', 'optimalStart': 0.0, 'optimalEnd': 1.0}","{'value': 25, 'qualifierKey': 'EXCELLENT', 'optimalStart': 21.0, 'optimalEnd': 31.0, 'idealStartInSeconds': 4019.4, 'idealEndInSeconds': 5933.4}","{'value': 55, 'qualifierKey': 'EXCELLENT', 'optimalStart': 30.0, 'optimalEnd': 64.0, 'idealStartInSeconds': 5742.0, 'idealEndInSeconds': 12249.6}"
"{'qualifierKey': 'FAIR', 'optimalStart': 28200.0, 'optimalEnd': 28200.0}","{'value': 74, 'qualifierKey': 'FAIR'}",2026-05-01,"{'qualifierKey': 'FAIR', 'optimalStart': 0.0, 'optimalEnd': 15.0}","{'qualifierKey': 'EXCELLENT', 'optimalStart': 0.0, 'optimalEnd': 5.0}","{'value': 6, 'qualifierKey': 'FAIR', 'optimalStart': 16.0, 'optimalEnd': 33.0, 'idealStartInSeconds': 3605.12, 'idealEndInSeconds': 7435.56}","{'qualifierKey': 'EXCELLENT', 'optimalStart': 0.0, 'optimalEnd': 1.0}","{'value': 20, 'qualifierKey': 'FAIR', 'optimalStart': 21.0, 'optimalEnd': 31.0, 'idealStartInSeconds': 4731.72, 'idealEndInSeconds': 6984.92}","{'value': 73, 'qualifierKey': 'FAIR', 'optimalStart': 30.0, 'optimalEnd': 64.0, 'idealStartInSeconds': 6759.6, 'idealEndInSeconds': 14420.48}"
"{'qualifierKey': 'FAIR', 'optimalStart': 28200.0, 'optimalEnd': 28200.0}","{'value': 77, 'qualifierKey': 'FAIR'}",2026-05-02,"{'qualifierKey': 'GOOD', 'optimalStart': 0.0, 'optimalEnd': 15.0}","{'qualifierKey': 'EXCELLENT', 'optimalStart': 0.0, 'optimalEnd': 5.0}","{'value': 23, 'qualifierKey': 'EXCELLENT', 'optimalStart': 16.0, 'optimalEnd': 33.0, 'idealStartInSeconds': 3475.2, 'idealEndInSeconds': 7167.6}","{'qualifierKey': 'EXCELLENT', 'optimalStart': 0.0, 'optimalEnd': 1.0}","{'value': 34, 'qualifierKey': 'FAIR', 'optimalStart': 21.0, 'optimalEnd': 31.0, 'idealStartInSeconds': 4561.2, 'idealEndInSeconds': 6733.2}","{'value': 43, 'qualifierKey': 'EXCELLENT', 'optimalStart': 30.0, 'optimalEnd': 64.0, 'idealStartInSeconds': 6516.0, 'idealEndInSeconds': 13900.8}"
"{'qualifierKey': 'POOR', 'optimalStart': 28200.0, 'optimalEnd': 28200.0}","{'value': 67, 'qualifierKey': 'FAIR'}",2026-05-03,"{'qualifierKey': 'FAIR', 'optimalStart': 0.0, 'optimalEnd': 15.0}","{'qualifierKey': 'GOOD', 'optimalStart': 0.0, 'optimalEnd': 5.0}","{'value': 13, 'qualifierKey': 'FAIR', 'optimalStart': 16.0, 'optimalEnd': 33.0, 'idealStartInSeconds': 3100.8, 'idealEndInSeconds': 6395.4}","{'qualifierKey': 'GOOD', 'optimalStart': 0.0, 'optimalEnd': 1.0}","{'value': 22, 'qualifierKey': 'GOOD', 'optimalStart': 21.0, 'optimalEnd': 31.0, 'idealStartInSeconds': 4069.8, 'idealEndInSeconds': 6007.8}","{'value': 64, 'qualifierKey': 'GOOD', 'optimalStart': 30.0, 'optimalEnd': 64.0, 'idealStartInSeconds': 5814.0, 'idealEndInSeconds': 12403.2}"
"{'qualifierKey': 'EXCELLENT', 'optimalStart': 28200.0, 'optimalEnd': 28200.0}","{'value': 84, 'qualifierKey': 'GOOD'}",2026-05-04,"{'qualifierKey': 'FAIR', 'optimalStart': 0.0, 'optimalEnd': 15.0}","{'qualifierKey': 'EXCELLENT', 'optimalStart': 0.0, 'optimalEnd': 5.0}","{'value': 8, 'qualifierKey': 'FAIR', 'optimalStart': 16.0, 'optimalEnd': 33.0, 'idealStartInSeconds': 4483.2, 'idealEndInSeconds': 9246.6}","{'qualifierKey': 'EXCELLENT', 'optimalStart': 0.0, 'optimalEnd': 1.0}","{'value': 18, 'qualifierKey': 'FAIR', 'optimalStart': 21.0, 'optimalEnd': 31.0, 'idealStartInSeconds': 5884.2, 'idealEndInSeconds': 8686.2}","{'value': 74, 'qualifierKey': 'FAIR', 'optimalStart': 30.0, 'optimalEnd': 64.0, 'idealStartInSeconds': 8406.0, 'idealEndInSeconds': 17932.8}"
"{'qualifierKey': 'EXCELLENT', 'optimalStart': 28200.0, 'optimalEnd': 28200.0}","{'value': 61, 'qualifierKey': 'FAIR'}",2026-05-05,"{'qualifierKey': 'FAIR', 'optimalStart': 0.0, 'optimalEnd': 15.0}","{'qualifierKey': 'EXCELLENT', 'optimalStart': 0.0, 'optimalEnd': 5.0}","{'value': 1, 'qualifierKey': 'POOR', 'optimalStart': 16.0, 'optimalEnd': 33.0, 'idealStartInSeconds': 5932.8, 'idealEndInSeconds': 12236.4}","{'qualifierKey': 'EXCELLENT', 'optimalStart': 0.0, 'optimalEnd': 1.0}","{'value': 15, 'qualifierKey': 'FAIR', 'optimalStart': 21.0, 'optimalEnd': 31.0, 'idealStartInSeconds': 7786.8, 'idealEndInSeconds': 11494.8}","{'value': 84, 'qualifierKey': 'POOR', 'optimalStart': 30.0, 'optimalEnd': 64.0, 'idealStartInSeconds': 11124.0, 'idealEndInSeconds': 23731.2}"
"{'qualifierKey': 'EXCELLENT', 'optimalStart': 28200.0, 'optimalEnd': 28200.0}","{'value': 93, 'qualifierKey': 'EXCELLENT'}",2026-05-06,"{'qualifierKey': 'EXCELLENT', 'optimalStart': 0.0, 'optimalEnd': 15.0}","{'qualifierKey': 'EXCELLENT', 'optimalStart': 0.0, 'optimalEnd': 5.0}","{'value': 17, 'qualifierKey': 'GOOD', 'optimalStart': 16.0, 'optimalEnd': 33.0, 'idealStartInSeconds': 5238.4, 'idealEndInSeconds': 10804.2}","{'qualifierKey': 'EXCELLENT', 'optimalStart': 0.0, 'optimalEnd': 1.0}","{'value': 34, 'qualifierKey': 'FAIR', 'optimalStart': 21.0, 'optimalEnd': 31.0, 'idealStartInSeconds': 6875.4, 'idealEndInSeconds': 10149.4}","{'value': 49, 'qualifierKey': 'EXCELLENT', 'optimalStart': 30.0, 'optimalEnd': 64.0, 'idealStartInSeconds': 9822.0, 'idealEndInSeconds': 20953.6}"
"{'qualifierKey': 'EXCELLENT', 'optimalStart': 28200.0, 'optimalEnd': 28200.0}","{'value': 87, 'qualifierKey': 'GOOD'}",2026-05-07,"{'qualifierKey': 'GOOD', 'optimalStart': 0.0, 'optimalEnd': 15.0}","{'qualifierKey': 'FAIR', 'optimalStart': 0.0, 'optimalEnd': 5.0}","{'value': 18, 'qualifierKey': 'EXCELLENT', 'optimalStart': 16.0, 'optimalEnd': 33.0, 'idealStartInSeconds': 4842.72, 'idealEndInSeconds': 9988.11}","{'qualifierKey': 'FAIR', 'optimalStart': 0.0, 'optimalEnd': 1.0}","{'value': 23, 'qualifierKey': 'EXCELLENT', 'optimalStart': 21.0, 'optimalEnd': 31.0, 'idealStartInSeconds': 6356.07, 'idealEndInSeconds': 9382.77}","{'value': 58, 'qualifierKey': 'EXCELLENT', 'optimalStart': 30.0, 'optimalEnd': 64.0, 'idealStartInSeconds': 9080.1, 'idealEndInSeconds': 19370.88}"
"{'qualifierKey': 'FAIR', 'optimalStart': 28200.0, 'optimalEnd': 28200.0}","{'value': 76, 'qualifierKey': 'FAIR'}",2026-05-08,"{'qualifierKey': 'GOOD', 'optimalStart': 0.0, 'optimalEnd': 15.0}","{'qualifierKey': 'EXCELLENT', 'optimalStart': 0.0, 'optimalEnd': 5.0}","{'value': 35, 'qualifierKey': 'EXCELLENT', 'optimalStart': 16.0, 'optimalEnd': 33.0, 'idealStartInSeconds': 3225.6, 'idealEndInSeconds': 6652.8}","{'qualifierKey': 'EXCELLENT', 'optimalStart': 0.0, 'optimalEnd': 1.0}","{'value': 24, 'qualifierKey': 'EXCELLENT', 'optimalStart': 21.0, 'optimalEnd': 31.0, 'idealStartInSeconds': 4233.6, 'idealEndInSeconds': 6249.6}","{'value': 41, 'qualifierKey': 'EXCELLENT', 'optimalStart': 30.0, 'optimalEnd': 64.0, 'idealStartInSeconds': 6048.0, 'idealEndInSeconds': 12902.4}"
"{'qualifierKey': 'POOR', 'optimalStart': 28200.0, 'optimalEnd': 28200.0}","{'value': 62, 'qualifierKey': 'FAIR'}",2026-05-09,"{'qualifierKey': 'GOOD', 'optimalStart': 0.0, 'optimalEnd': 15.0}","{'qualifierKey': 'EXCELLENT', 'optimalStart': 0.0, 'optimalEnd': 5.0}","{'value': 24, 'qualifierKey': 'EXCELLENT', 'optimalStart': 16.0, 'optimalEnd': 33.0, 'idealStartInSeconds': 2505.6, 'idealEndInSeconds': 5167.8}","{'qualifierKey': 'EXCELLENT', 'optimalStart': 0.0, 'optimalEnd': 1.0}","{'value': 21, 'qualifierKey': 'GOOD', 'optimalStart': 21.0, 'optimalEnd': 31.0, 'idealStartInSeconds': 3288.6, 'idealEndInSeconds': 4854.6}","{'value': 54, 'qualifierKey': 'EXCELLENT', 'optimalStart': 30.0, 'optimalEnd': 64.0, 'idealStartInSeconds': 4698.0, 'idealEndInSeconds': 10022.4}"
"{'qualifierKey': 'FAIR', 'optimalStart': 28200.0, 'optimalEnd': 28200.0}","{'value': 71, 'qualifierKey': 'FAIR'}",2026-05-10,"{'qualifierKey': 'FAIR', 'optimalStart': 0.0, 'optimalEnd': 15.0}","{'qualifierKey': 'GOOD', 'optimalStart': 0.0, 'optimalEnd': 5.0}","{'value': 15, 'qualifierKey': 'FAIR', 'optimalStart': 16.0, 'optimalEnd': 33.0, 'idealStartInSeconds': 3321.6, 'idealEndInSeconds': 6850.8}","{'qualifierKey': 'GOOD', 'optimalStart': 0.0, 'optimalEnd': 1.0}","{'value': 17, 'qualifierKey': 'FAIR', 'optimalStart': 21.0, 'optimalEnd': 31.0, 'idealStartInSeconds': 4359.6, 'idealEndInSeconds': 6435.6}","{'value': 68, 'qualifierKey': 'FAIR', 'optimalStart': 30.0, 'optimalEnd': 64.0, 'idealStartInSeconds': 6228.0, 'idealEndInSeconds': 13286.4}"
"{'qualifierKey': 'GOOD', 'optimalStart': 28200.0, 'optimalEnd': 28200.0}","{'value': 82, 'qualifierKey': 'GOOD'}",2026-05-11,"{'qualifierKey': 'EXCELLENT', 'optimalStart': 0.0, 'optimalEnd': 15.0}","{'qualifierKey': 'EXCELLENT', 'optimalStart': 0.0, 'optimalEnd': 5.0}","{'value': 13, 'qualifierKey': 'FAIR', 'optimalStart': 16.0, 'optimalEnd': 33.0, 'idealStartInSeconds': 4137.6, 'idealEndInSeconds': 8533.8}","{'qualifierKey': 'EXCELLENT', 'optimalStart': 0.0, 'optimalEnd': 1.0}","{'value': 13, 'qualifierKey': 'FAIR', 'optimalStart': 21.0, 'optimalEnd': 31.0, 'idealStartInSeconds': 5430.6, 'idealEndInSeconds': 8016.6}","{'value': 74, 'qualifierKey': 'FAIR', 'optimalStart': 30.0, 'optimalEnd': 64.0, 'idealStartInSeconds': 7758.0, 'idealEndInSeconds': 16550.4}"
"{'qualifierKey': 'EXCELLENT', 'optimalStart': 28200.0, 'optimalEnd': 28200.0}","{'value': 93, 'qualifierKey': 'EXCELLENT'}",2026-05-12,"{'qualifierKey': 'EXCELLENT', 'optimalStart': 0.0, 'optimalEnd': 15.0}","{'qualifierKey': 'EXCELLENT', 'optimalStart': 0.0, 'optimalEnd': 5.0}","{'value': 17, 'qualifierKey': 'GOOD', 'optimalStart': 16.0, 'optimalEnd': 33.0, 'idealStartInSeconds': 4281.6, 'idealEndInSeconds': 8830.8}","{'qualifierKey': 'EXCELLENT', 'optimalStart': 0.0, 'optimalEnd': 1.0}","{'value': 27, 'qualifierKey': 'EXCELLENT', 'optimalStart': 21.0, 'optimalEnd': 31.0, 'idealStartInSeconds': 5619.6, 'idealEndInSeconds': 8295.6}","{'value': 56, 'qualifierKey': 'EXCELLENT', 'optimalStart': 30.0, 'optimalEnd': 64.0, 'idealStartInSeconds': 8028.0, 'idealEndInSeconds': 17126.4}"
"{'qualifierKey': 'FAIR', 'optimalStart': 28200.0, 'optimalEnd': 28200.0}","{'value': 82, 'qualifierKey': 'GOOD'}",2026-05-13,"{'qualifierKey': 'EXCELLENT', 'optimalStart': 0.0, 'optimalEnd': 15.0}","{'qualifierKey': 'GOOD', 'optimalStart': 0.0, 'optimalEnd': 5.0}","{'value': 23, 'qualifierKey': 'EXCELLENT', 'optimalStart': 16.0, 'optimalEnd': 33.0, 'idealStartInSeconds': 3868.8, 'idealEndInSeconds': 7979.4}","{'qualifierKey': 'GOOD', 'optimalStart': 0.0, 'optimalEnd': 1.0}","{'value': 20, 'qualifierKey': 'FAIR', 'optimalStart': 21.0, 'optimalEnd': 31.0, 'idealStartInSeconds': 5077.8, 'idealEndInSeconds': 7495.8}","{'value': 57, 'qualifierKey': 'EXCELLENT', 'optimalStart': 30.0, 'optimalEnd': 64.0, 'idealStartInSeconds': 7254.0, 'idealEndInSeconds': 15475.2}"
"{'qualifierKey': 'FAIR', 'optimalStart': 28200.0, 'optimalEnd': 28200.0}","{'value': 82, 'qualifierKey': 'GOOD'}",2026-05-14,"{'qualifierKey': 'FAIR', 'optimalStart': 0.0, 'optimalEnd': 15.0}","{'qualifierKey': 'EXCELLENT', 'optimalStart': 0.0, 'optimalEnd': 5.0}","{'value': 30, 'qualifierKey': 'EXCELLENT', 'optimalStart': 16.0, 'optimalEnd': 33.0, 'idealStartInSeconds': 3826.72, 'idealEndInSeconds': 7892.61}","{'qualifierKey': 'EXCELLENT', 'optimalStart': 0.0, 'optimalEnd': 1.0}","{'value': 28, 'qualifierKey': 'EXCELLENT', 'optimalStart': 21.0, 'optimalEnd': 31.0, 'idealStartInSeconds': 5022.57, 'idealEndInSeconds': 7414.27}","{'value': 42, 'qualifierKey': 'EXCELLENT', 'optimalStart': 30.0, 'optimalEnd': 64.0, 'idealStartInSeconds': 7175.1, 'idealEndInSeconds': 15306.88}"
